onet_code,career_title,python,java,sql,cpp,dsa,problem_solving,communication,creativity,mathematics,web_dev,ai_data,cybersecurity,networking,databases,realistic,investigative,artistic,social,enterprising,conventional
11-3021.00,Computer and Information Systems Managers,4.4,4.9,4.1,3.9,4.2,4.2,3.1,4.4,3.9,4.6,2.5,3.5,3.2,3.3,3.2,4.2,3.0,3.0,3.4,3.3
11-3021.00,Computer and Information Systems Managers,4.6,3.7,3.4,3.5,4.5,4.8,3.3,4.0,3.9,3.6,3.4,2.3,2.1,4.4,4.0,4.8,3.0,2.6,3.7,3.4
11-3021.00,Computer and Information Systems Managers,4.1,4.2,3.1,4.4,4.3,4.7,3.5,4.0,3.8,3.8,4.0,3.2,3.4,4.3,3.6,4.9,2.6,2.7,3.0,3.3
11-3021.00,Computer and Information Systems Managers,4.4,3.9,4.2,3.5,4.3,4.5,3.2,4.3,3.1,5.0,3.7,2.3,2.0,4.2,3.7,4.7,3.7,2.6,3.4,3.1
11-3021.00,Computer and Information Systems Managers,4.9,4.4,3.5,3.1,4.3,4.3,4.1,4.1,4.3,4.2,2.7,3.1,3.1,3.8,3.8,4.5,3.3,2.9,3.0,3.1
11-3021.00,Computer and Information Systems Managers,4.0,4.5,3.5,3.8,4.9,4.2,3.6,4.3,3.3,3.6,2.9,2.2,3.4,4.2,3.6,4.9,3.7,2.7,3.9,3.5
11-3021.00,Computer and Information Systems Managers,4.8,4.8,3.5,3.2,4.2,4.4,4.2,4.4,3.0,4.3,3.1,2.3,2.2,3.5,3.9,4.3,3.3,3.2,3.4,4.0
11-3021.00,Computer and Information Systems Managers,5.0,3.9,3.7,3.5,4.3,4.0,3.9,4.0,3.1,3.9,3.9,2.4,2.2,3.7,4.0,4.2,3.5,3.3,3.2,3.7
11-3021.00,Computer and Information Systems Managers,4.4,4.4,4.0,3.8,4.1,4.8,3.5,3.7,3.1,4.4,3.5,2.0,2.8,3.3,3.6,4.2,3.5,2.9,3.9,3.1
11-3021.00,Computer and Information Systems Managers,4.3,3.7,4.4,4.3,4.3,4.7,4.2,4.1,3.8,3.9,2.6,3.3,3.4,3.9,3.3,4.3,3.6,3.4,3.9,3.8
11-3021.00,Computer and Information Systems Managers,4.6,3.6,3.2,4.3,4.6,4.0,3.2,4.2,3.0,3.7,3.3,3.0,3.0,3.3,3.7,4.2,3.0,3.2,3.6,3.8
11-3021.00,Computer and Information Systems Managers,4.7,4.4,3.1,3.6,4.3,4.2,4.5,3.9,4.3,4.4,3.7,2.8,2.9,3.7,3.2,4.7,2.9,2.5,3.6,3.2
11-3021.00,Computer and Information Systems Managers,4.9,4.9,4.4,3.6,4.0,4.9,3.6,4.5,4.4,4.8,2.9,2.6,3.3,3.5,3.2,4.6,3.9,3.2,3.6,3.1
11-3021.00,Computer and Information Systems Managers,4.6,5.0,3.2,3.8,4.9,4.7,4.0,4.2,3.5,3.9,3.7,3.2,3.3,4.4,3.5,4.5,3.7,3.1,3.7,3.8
11-3021.00,Computer and Information Systems Managers,4.9,4.0,3.6,3.1,4.6,4.0,3.7,4.0,3.4,4.4,2.5,2.1,3.2,3.5,3.1,4.5,3.7,2.7,3.6,3.1
11-3021.00,Computer and Information Systems Managers,4.1,4.3,3.8,4.0,4.7,5.0,3.8,3.8,4.2,3.9,3.2,2.1,2.0,4.4,3.8,4.7,3.1,2.7,3.2,3.3
11-3021.00,Computer and Information Systems Managers,4.5,4.6,4.0,3.4,5.0,4.7,3.8,4.1,3.6,3.9,3.0,3.1,2.0,3.2,3.0,4.0,3.8,3.2,3.5,3.1
11-3021.00,Computer and Information Systems Managers,4.5,4.2,3.3,3.7,4.4,4.6,4.0,3.5,3.6,4.4,3.3,3.3,3.0,3.2,3.1,4.6,2.5,3.1,3.9,3.6
11-3021.00,Computer and Information Systems Managers,4.4,4.5,3.7,3.8,4.9,4.4,4.4,4.4,3.3,3.6,2.7,2.0,2.1,4.0,3.1,4.3,3.8,2.5,3.8,3.3
11-3021.00,Computer and Information Systems Managers,4.1,4.5,3.9,4.3,4.7,4.8,3.4,3.7,4.1,4.7,4.0,2.6,2.6,4.2,3.3,4.9,3.8,2.9,3.8,3.8
11-3021.00,Computer and Information Systems Managers,4.1,4.9,3.8,4.2,4.3,4.9,3.6,3.5,4.4,3.6,3.0,3.4,3.4,3.9,3.6,4.4,2.9,2.8,3.7,3.8
11-3021.00,Computer and Information Systems Managers,4.8,4.7,3.1,3.7,4.1,4.5,3.7,4.4,3.5,3.7,2.7,3.1,2.9,3.2,3.1,4.7,2.6,3.3,3.7,3.1
11-3021.00,Computer and Information Systems Managers,4.1,5.0,3.6,3.6,4.8,4.9,4.5,4.3,3.6,3.6,3.7,2.8,2.6,4.4,3.1,4.5,2.5,3.0,3.1,3.1
11-3021.00,Computer and Information Systems Managers,4.1,4.5,4.1,3.9,5.0,4.4,3.4,4.4,3.3,4.9,2.5,3.5,2.1,4.3,3.5,5.0,2.6,3.1,4.0,3.5
11-3021.00,Computer and Information Systems Managers,4.6,4.5,3.7,3.9,4.6,4.9,3.1,3.8,4.4,4.8,3.2,2.9,2.4,3.3,3.5,4.4,3.4,2.6,4.0,4.0
11-3021.00,Computer and Information Systems Managers,4.7,4.3,3.5,4.2,4.7,4.2,4.4,4.3,4.4,4.6,3.4,2.6,3.4,4.3,3.0,4.0,3.1,3.3,4.0,3.2
11-3021.00,Computer and Information Systems Managers,4.6,4.1,4.5,4.3,4.8,4.5,3.6,3.8,3.1,4.8,3.7,3.5,3.5,3.8,3.8,4.9,3.8,2.7,3.5,3.1
11-3021.00,Computer and Information Systems Managers,5.0,4.4,3.3,4.0,4.6,4.4,3.2,4.2,3.8,4.7,3.3,3.3,2.8,3.8,3.9,4.4,2.7,2.5,3.8,3.6
11-3021.00,Computer and Information Systems Managers,4.7,3.8,3.2,3.0,4.4,4.6,3.6,3.9,4.4,4.0,3.3,3.2,2.6,3.9,3.9,4.9,2.7,3.4,3.5,3.3
11-3021.00,Computer and Information Systems Managers,4.5,5.0,3.7,3.5,4.6,4.2,3.1,3.6,3.2,3.7,2.7,3.0,2.3,3.5,3.9,4.5,3.5,2.7,3.2,3.0
11-3021.00,Computer and Information Systems Managers,4.2,3.9,3.3,3.1,4.1,4.5,3.3,3.9,3.8,4.5,2.6,3.2,2.9,3.1,3.9,4.9,2.6,2.8,3.8,3.7
11-3021.00,Computer and Information Systems Managers,4.2,3.8,3.6,3.7,4.6,4.4,3.7,4.2,3.1,3.9,3.6,3.3,2.8,3.8,3.1,4.4,3.3,2.7,3.3,3.4
11-3021.00,Computer and Information Systems Managers,4.0,4.0,3.3,3.5,4.1,4.9,3.9,4.2,4.2,4.2,2.6,2.8,2.9,4.1,3.4,4.1,2.9,2.9,3.6,3.6
11-3021.00,Computer and Information Systems Managers,4.4,5.0,3.9,3.4,4.1,4.2,3.4,3.7,3.3,3.9,2.8,3.3,2.1,3.8,3.4,5.0,2.7,2.9,4.0,3.9
11-3021.00,Computer and Information Systems Managers,4.8,3.9,3.3,4.0,4.9,4.6,3.9,3.8,4.2,3.8,3.0,2.6,2.8,3.4,3.1,4.6,2.9,3.1,3.2,3.5
11-3021.00,Computer and Information Systems Managers,4.5,3.6,3.5,3.2,4.1,5.0,3.5,4.3,3.4,4.5,3.6,2.9,2.7,3.6,3.3,4.9,3.7,3.5,3.1,3.7
11-3021.00,Computer and Information Systems Managers,4.9,3.8,3.1,4.1,4.6,4.8,3.2,4.3,3.3,3.7,2.7,3.2,3.0,3.8,3.4,4.9,3.1,3.3,3.4,3.4
11-3021.00,Computer and Information Systems Managers,4.5,4.0,4.1,3.8,4.2,4.9,3.6,4.0,4.4,4.4,2.7,3.4,2.9,3.5,3.1,4.8,3.4,3.0,3.9,3.8
11-3021.00,Computer and Information Systems Managers,4.2,4.0,3.4,4.1,4.0,4.6,4.1,4.4,3.5,4.7,2.7,3.3,2.2,3.6,3.8,4.1,2.8,3.2,3.7,3.6
11-3021.00,Computer and Information Systems Managers,4.7,4.3,3.4,3.5,4.2,4.9,3.9,3.9,3.7,4.9,2.7,2.9,2.8,3.9,3.0,4.9,3.9,3.1,3.7,3.9
11-3021.00,Computer and Information Systems Managers,4.7,3.7,3.9,3.9,4.4,4.7,4.4,4.4,3.7,3.7,4.0,3.3,2.2,4.4,3.9,4.5,3.4,2.9,3.1,3.3
11-3021.00,Computer and Information Systems Managers,4.8,3.5,3.5,3.6,4.5,4.9,3.5,3.8,4.1,4.2,2.8,2.7,2.2,3.3,3.5,4.4,3.9,2.9,3.6,3.6
11-3021.00,Computer and Information Systems Managers,4.0,4.5,3.3,4.4,4.1,4.4,3.1,4.5,3.8,4.4,2.6,3.1,2.3,4.3,3.2,4.2,2.6,3.0,3.6,3.1
11-3021.00,Computer and Information Systems Managers,4.8,4.2,3.8,3.7,4.4,4.6,3.2,3.7,4.3,4.9,3.1,2.4,3.0,3.6,3.0,4.2,3.6,3.2,3.0,3.2
11-3021.00,Computer and Information Systems Managers,4.2,4.5,3.0,3.2,4.8,4.2,4.0,3.7,3.1,3.9,3.6,3.3,3.2,3.6,3.7,4.2,2.9,3.4,3.0,3.1
11-3021.00,Computer and Information Systems Managers,4.2,3.5,3.3,3.9,4.4,4.9,4.2,3.8,3.4,4.1,3.4,2.4,2.9,3.6,3.6,4.4,2.9,3.4,3.8,3.1
11-3021.00,Computer and Information Systems Managers,4.9,4.2,4.3,4.2,4.4,4.0,3.4,4.0,4.0,3.9,2.7,3.3,3.5,3.8,3.2,4.3,2.5,3.4,3.1,3.6
11-3021.00,Computer and Information Systems Managers,4.3,4.3,4.0,4.2,4.2,4.0,3.2,4.4,4.3,4.4,3.4,3.0,2.3,4.4,3.4,4.4,3.3,2.5,3.2,3.7
11-3021.00,Computer and Information Systems Managers,4.1,4.4,3.4,3.6,4.3,4.4,4.1,3.8,3.8,4.2,3.5,3.4,3.1,3.3,3.0,4.3,3.4,2.6,3.5,3.6
11-3021.00,Computer and Information Systems Managers,4.3,4.7,3.2,3.1,4.7,4.5,4.0,3.9,3.4,4.7,3.7,3.0,2.4,3.9,3.4,4.1,3.9,2.6,4.0,3.4
15-1211.00,Computer Systems Analysts,3.2,3.5,4.4,3.1,3.8,4.8,4.8,3.8,3.2,3.5,3.2,4.0,3.9,3.5,3.7,5.0,2.2,4.1,4.9,4.0
15-1211.00,Computer Systems Analysts,3.7,3.3,4.4,3.5,3.9,4.7,4.9,3.8,3.3,3.8,3.0,3.6,3.2,3.6,3.1,4.8,2.3,4.2,4.1,4.3
15-1211.00,Computer Systems Analysts,3.5,3.8,3.8,2.9,3.9,4.8,4.6,3.0,3.9,3.0,3.9,3.5,3.9,4.3,4.0,4.7,2.8,3.9,4.5,4.6
15-1211.00,Computer Systems Analysts,3.9,4.0,4.3,2.6,3.4,4.9,4.6,3.1,3.4,3.3,3.3,3.2,3.0,3.5,4.0,4.7,2.4,4.2,4.2,4.9
15-1211.00,Computer Systems Analysts,3.8,3.1,3.9,3.3,3.9,4.7,4.8,3.2,4.0,3.2,3.9,3.6,3.6,4.0,3.2,4.6,2.2,3.7,4.8,4.4
15-1211.00,Computer Systems Analysts,3.1,4.0,4.4,3.4,4.0,4.6,4.7,3.8,3.7,3.2,3.8,3.2,3.2,4.0,3.6,4.8,2.1,4.4,4.3,4.1
15-1211.00,Computer Systems Analysts,3.9,4.0,4.4,3.2,3.7,4.8,4.5,3.4,3.4,3.3,3.7,3.5,3.1,3.7,3.7,4.5,2.9,4.0,4.5,4.6
15-1211.00,Computer Systems Analysts,3.8,3.3,4.2,2.8,3.3,4.9,4.9,3.7,3.9,3.9,3.7,3.8,3.7,4.2,3.6,4.9,2.2,4.4,4.9,4.0
15-1211.00,Computer Systems Analysts,3.8,3.1,3.8,3.1,3.2,4.9,4.9,3.5,3.0,3.3,3.6,4.0,3.6,3.8,3.6,4.8,2.8,3.6,4.8,4.5
15-1211.00,Computer Systems Analysts,4.0,3.3,4.1,3.4,3.1,5.0,4.8,3.1,3.3,3.7,3.1,3.6,3.3,4.1,3.0,4.9,3.0,4.5,4.7,4.1
15-1211.00,Computer Systems Analysts,3.8,3.0,3.5,2.5,3.5,4.9,4.8,3.4,3.3,4.0,3.4,3.5,3.2,4.3,3.7,4.6,2.1,4.2,4.7,4.3
15-1211.00,Computer Systems Analysts,4.0,3.2,3.9,3.4,3.4,4.8,4.7,3.3,4.0,3.4,3.9,3.2,3.2,3.5,3.7,4.7,2.9,4.0,5.0,4.2
15-1211.00,Computer Systems Analysts,3.9,3.8,4.3,3.3,3.8,4.8,4.6,3.0,3.9,3.6,3.8,3.5,3.1,3.6,3.7,4.7,2.2,4.0,4.1,4.6
15-1211.00,Computer Systems Analysts,3.3,3.8,3.8,2.7,3.0,4.5,4.7,3.5,3.6,3.3,3.7,3.9,3.8,3.5,3.5,4.6,2.2,4.5,4.1,4.5
15-1211.00,Computer Systems Analysts,3.6,3.7,4.1,2.0,3.3,4.8,4.5,3.4,3.0,3.1,3.4,3.1,3.6,4.2,3.8,4.6,2.2,3.6,4.6,4.7
15-1211.00,Computer Systems Analysts,3.0,3.9,3.6,2.8,3.7,4.9,4.9,3.8,3.3,3.8,3.1,3.9,3.5,4.3,3.5,4.8,2.5,4.2,4.1,4.1
15-1211.00,Computer Systems Analysts,3.2,3.2,4.4,2.3,4.0,4.7,4.6,3.8,3.7,3.5,3.6,3.7,3.2,4.5,4.0,4.8,2.2,4.2,4.1,4.0
15-1211.00,Computer Systems Analysts,3.3,3.5,4.4,3.1,3.7,4.7,4.7,3.4,4.0,3.0,3.9,3.6,3.4,4.2,3.5,4.9,2.9,3.9,4.3,4.6
15-1211.00,Computer Systems Analysts,3.9,3.2,4.1,2.9,3.7,4.6,4.9,3.9,3.2,3.2,4.0,3.2,3.9,4.0,3.2,4.9,2.4,4.0,4.4,4.6
15-1211.00,Computer Systems Analysts,3.2,3.4,4.5,2.4,3.7,4.7,4.9,3.1,4.0,3.5,3.2,3.1,3.2,4.0,3.3,4.9,2.4,3.7,4.6,4.7
15-1211.00,Computer Systems Analysts,3.2,3.2,3.5,3.1,3.7,4.7,4.9,3.8,3.6,3.9,3.2,3.1,3.3,3.6,3.5,5.0,2.0,3.6,4.5,4.9
15-1211.00,Computer Systems Analysts,3.3,3.5,3.5,2.2,4.0,5.0,4.5,4.0,3.6,3.9,3.5,3.5,3.5,4.2,3.1,4.5,2.3,4.2,4.2,4.7
15-1211.00,Computer Systems Analysts,4.0,3.1,4.2,2.7,3.9,4.6,4.8,3.8,3.9,3.7,3.5,3.6,3.9,4.1,3.0,5.0,2.7,4.2,4.2,4.7
15-1211.00,Computer Systems Analysts,3.4,3.7,3.6,3.0,4.0,4.5,5.0,3.4,3.9,3.8,3.6,3.7,3.9,3.9,3.3,4.8,2.8,4.3,4.8,4.4
15-1211.00,Computer Systems Analysts,3.8,3.1,4.0,2.0,3.3,4.7,4.7,3.7,3.4,3.4,3.2,3.4,3.2,3.6,3.6,4.8,2.6,4.0,4.4,4.9
15-1211.00,Computer Systems Analysts,3.5,3.5,3.5,2.5,3.4,4.7,4.8,3.5,3.6,3.8,3.8,3.7,4.0,3.5,3.2,4.5,2.6,4.4,4.2,4.9
15-1211.00,Computer Systems Analysts,3.1,3.9,3.9,2.2,3.5,4.6,4.6,3.3,3.8,3.5,3.3,3.6,3.7,3.8,3.4,4.6,2.2,4.2,4.2,4.5
15-1211.00,Computer Systems Analysts,3.7,3.1,4.1,2.4,4.0,4.7,4.9,3.6,3.0,3.6,4.0,3.6,3.8,4.4,3.2,4.6,2.6,3.9,4.8,4.9
15-1211.00,Computer Systems Analysts,3.4,3.2,4.3,2.4,3.8,4.7,4.8,3.1,3.6,3.5,3.6,3.2,3.7,4.4,3.2,4.5,2.0,4.1,4.6,4.5
15-1211.00,Computer Systems Analysts,3.2,3.4,4.1,2.7,4.0,4.6,4.8,3.4,3.4,3.7,3.7,4.0,3.1,3.6,3.7,4.8,2.3,3.6,4.1,4.9
15-1211.00,Computer Systems Analysts,3.2,3.3,3.7,2.5,3.1,4.8,4.5,3.8,3.2,3.5,3.9,3.7,3.5,3.8,3.3,4.8,3.0,4.2,4.6,4.7
15-1211.00,Computer Systems Analysts,3.5,3.1,4.1,3.4,3.2,4.8,4.6,3.5,3.1,3.5,3.8,3.3,3.7,4.3,3.9,4.6,2.4,3.7,5.0,4.9
15-1211.00,Computer Systems Analysts,3.5,3.8,4.0,2.9,3.1,4.9,4.6,3.8,3.8,3.7,3.0,3.3,3.3,3.9,3.1,5.0,2.6,3.8,4.4,4.4
15-1211.00,Computer Systems Analysts,3.6,3.5,4.4,2.7,4.0,4.9,4.6,3.9,3.1,3.8,3.4,3.9,3.9,4.3,3.8,4.7,2.1,3.9,4.2,4.7
15-1211.00,Computer Systems Analysts,3.3,4.0,4.1,3.2,3.1,4.9,5.0,3.5,3.6,3.8,3.2,3.5,3.4,3.6,3.4,4.5,2.0,3.6,5.0,4.5
15-1211.00,Computer Systems Analysts,4.0,3.4,3.8,2.8,3.4,4.6,4.8,3.2,3.6,3.7,3.2,3.1,3.8,4.0,3.1,5.0,2.1,4.2,5.0,4.2
15-1211.00,Computer Systems Analysts,3.1,3.1,3.8,2.2,3.7,4.5,4.8,4.0,3.8,3.6,3.3,3.6,3.5,3.9,3.1,4.9,2.4,3.7,4.4,4.4
15-1211.00,Computer Systems Analysts,3.8,3.7,4.3,2.0,3.4,4.7,4.5,3.3,3.8,3.1,3.5,3.2,3.0,3.7,4.0,4.9,3.0,4.0,4.1,4.5
15-1211.00,Computer Systems Analysts,3.5,3.8,3.6,2.7,3.2,4.7,4.9,3.5,3.4,3.4,3.5,3.8,3.9,4.5,3.8,4.7,2.7,3.9,4.3,4.8
15-1211.00,Computer Systems Analysts,3.0,3.9,4.0,3.0,3.7,4.9,4.8,3.6,3.1,3.5,3.2,3.7,3.5,4.2,3.0,4.5,2.7,3.6,4.1,4.0
15-1211.00,Computer Systems Analysts,4.0,3.7,3.9,2.4,3.3,4.9,4.8,3.2,3.2,3.1,3.7,3.8,3.3,3.5,3.1,5.0,2.3,4.3,4.6,4.4
15-1211.00,Computer Systems Analysts,3.2,3.1,4.1,3.2,3.6,4.8,4.5,4.0,3.8,3.3,4.0,3.6,3.6,4.2,3.8,4.8,2.1,3.8,4.9,4.2
15-1211.00,Computer Systems Analysts,3.4,3.4,3.9,2.9,3.9,4.6,4.6,3.2,3.9,3.6,3.3,3.8,3.9,4.3,3.9,4.6,2.8,4.0,4.8,4.7
15-1211.00,Computer Systems Analysts,3.8,3.7,3.7,2.8,4.0,5.0,4.5,3.2,3.1,3.7,3.8,3.2,3.5,4.3,3.7,4.8,2.6,4.0,4.3,4.6
15-1211.00,Computer Systems Analysts,3.7,3.9,4.1,3.1,3.2,4.7,4.5,3.2,3.7,4.0,3.1,3.4,3.8,3.7,3.6,4.9,2.6,3.7,4.4,4.8
15-1211.00,Computer Systems Analysts,3.6,3.0,4.3,2.1,3.7,4.6,5.0,3.4,3.3,3.1,3.3,3.9,4.0,3.9,3.4,4.9,2.9,4.1,4.4,4.4
15-1211.00,Computer Systems Analysts,3.7,3.0,4.1,2.5,3.8,4.5,4.8,3.5,3.6,3.1,3.6,3.6,3.6,4.1,3.7,4.9,2.3,4.3,4.5,4.1
15-1211.00,Computer Systems Analysts,3.1,3.3,4.3,3.1,3.8,4.8,4.7,3.1,3.3,3.4,3.1,3.2,3.6,4.2,4.0,5.0,2.6,3.9,4.6,4.8
15-1211.00,Computer Systems Analysts,3.1,3.4,4.3,2.6,3.6,4.8,4.6,3.4,3.3,3.0,3.0,3.8,3.3,4.0,3.3,5.0,2.3,3.9,4.9,4.8
15-1211.00,Computer Systems Analysts,3.2,3.8,4.0,2.7,3.1,4.5,4.9,3.5,3.4,3.7,3.8,3.2,3.6,3.6,3.8,4.8,3.0,3.6,4.1,4.3
15-1212.00,Information Security Analysts,3.8,2.9,4.4,2.9,3.3,4.9,3.9,3.3,3.1,3.2,2.1,4.5,4.9,3.2,4.0,4.7,2.0,3.4,3.0,4.7
15-1212.00,Information Security Analysts,4.5,3.3,4.4,2.6,3.4,4.6,4.2,3.5,3.3,3.5,2.3,4.8,4.5,4.5,4.1,4.7,1.7,2.7,3.2,4.3
15-1212.00,Information Security Analysts,4.4,3.3,3.8,2.7,3.9,4.9,3.6,3.2,3.5,2.6,2.7,4.7,4.2,4.4,4.3,4.8,2.2,2.9,3.7,4.5
15-1212.00,Information Security Analysts,3.6,3.3,4.2,3.2,3.1,4.9,3.7,2.8,3.2,3.0,3.1,4.8,4.2,4.3,4.4,4.9,1.9,3.0,4.0,4.8
15-1212.00,Information Security Analysts,3.5,2.6,3.7,3.9,3.5,4.7,3.6,3.2,3.8,3.1,3.2,5.0,4.2,3.8,3.8,4.9,2.4,3.1,3.8,4.4
15-1212.00,Information Security Analysts,4.4,3.3,3.2,3.5,3.8,4.7,4.4,3.4,3.3,4.0,2.2,4.6,4.2,4.3,4.2,4.6,2.2,3.1,3.1,4.9
15-1212.00,Information Security Analysts,4.3,3.3,4.5,3.1,4.0,4.8,4.1,2.7,3.9,3.1,2.2,4.5,4.6,3.8,4.2,4.9,1.6,3.2,3.2,4.9
15-1212.00,Information Security Analysts,4.3,3.3,4.1,3.0,3.5,4.9,4.0,2.9,3.5,3.7,2.5,4.6,4.7,4.2,3.6,4.6,1.7,2.8,3.5,4.7
15-1212.00,Information Security Analysts,4.2,3.4,3.5,3.8,3.5,5.0,4.1,2.6,3.7,3.0,3.0,4.5,4.2,4.3,3.7,4.9,1.9,3.1,3.7,4.5
15-1212.00,Information Security Analysts,3.8,2.8,3.0,3.0,3.7,5.0,4.4,3.3,3.8,3.5,2.4,5.0,4.7,3.8,3.6,4.7,2.2,3.4,3.5,4.4
15-1212.00,Information Security Analysts,4.5,2.7,3.6,2.6,3.7,5.0,3.8,3.4,3.3,3.9,3.1,4.9,4.0,4.4,4.2,4.7,2.7,2.8,3.9,4.1
15-1212.00,Information Security Analysts,4.2,3.3,3.1,2.9,3.0,4.7,3.8,3.1,3.3,2.9,3.1,4.5,4.9,4.3,4.2,4.8,2.8,2.7,3.1,4.2
15-1212.00,Information Security Analysts,4.3,2.6,3.9,4.0,3.9,4.8,3.6,3.3,3.6,2.7,2.1,5.0,4.7,4.2,4.4,4.8,2.3,2.9,3.3,4.4
15-1212.00,Information Security Analysts,4.3,3.4,4.3,3.2,3.6,4.8,4.1,3.2,3.2,3.3,2.2,4.7,4.5,4.0,4.5,4.8,2.6,3.0,3.6,4.1
15-1212.00,Information Security Analysts,3.8,3.0,3.7,2.6,3.1,4.6,4.5,2.8,3.5,2.8,2.9,4.6,4.2,3.8,3.5,4.5,1.8,2.5,3.1,4.3
15-1212.00,Information Security Analysts,4.3,3.4,3.8,2.9,3.9,4.7,3.6,3.1,3.1,3.0,2.8,4.9,4.5,4.1,4.5,4.6,1.9,2.9,3.4,4.4
15-1212.00,Information Security Analysts,4.4,3.6,3.9,3.0,3.8,5.0,4.3,2.5,3.6,2.6,2.4,4.5,4.6,4.0,3.6,4.7,2.2,2.9,3.1,4.4
15-1212.00,Information Security Analysts,4.3,2.6,3.1,3.0,3.9,4.8,4.2,2.9,3.6,2.5,3.0,5.0,4.6,4.3,4.2,4.6,2.9,2.6,3.5,4.1
15-1212.00,Information Security Analysts,3.5,3.1,3.4,3.2,3.6,4.5,3.6,3.1,3.3,3.6,3.0,4.9,4.7,3.6,4.2,4.6,2.0,3.3,3.4,4.8
15-1212.00,Information Security Analysts,4.3,3.8,4.4,3.1,3.3,4.8,3.9,3.1,3.7,3.5,2.6,4.6,4.4,3.2,4.4,4.7,1.7,2.5,3.6,4.6
15-1212.00,Information Security Analysts,3.8,2.6,3.6,3.0,3.7,4.8,3.9,2.7,4.0,3.2,3.0,4.6,4.5,3.0,4.0,5.0,2.1,2.5,3.0,4.4
15-1212.00,Information Security Analysts,3.7,2.5,4.1,3.2,3.3,5.0,3.6,3.5,3.3,3.8,2.9,4.9,5.0,3.4,4.5,4.7,2.1,2.8,3.5,4.2
15-1212.00,Information Security Analysts,4.1,3.3,4.1,3.8,3.4,4.7,3.8,2.7,3.1,3.0,2.4,5.0,4.6,3.5,4.1,4.6,2.2,3.1,3.5,4.4
15-1212.00,Information Security Analysts,4.5,3.8,3.9,3.4,3.6,4.6,3.9,2.5,3.5,3.3,2.3,5.0,4.9,4.1,4.0,4.9,1.7,3.3,3.1,4.8
15-1212.00,Information Security Analysts,3.8,3.8,4.4,2.7,3.5,5.0,4.0,3.4,3.6,3.1,2.4,4.6,4.8,3.6,4.0,4.7,2.4,3.4,4.0,4.4
15-1212.00,Information Security Analysts,4.3,3.6,3.9,3.9,3.2,4.6,4.4,2.9,3.8,3.8,2.1,4.9,4.4,3.8,4.1,5.0,1.5,3.0,3.7,4.7
15-1212.00,Information Security Analysts,4.2,2.7,3.4,3.0,3.8,4.6,3.7,3.5,3.0,4.0,3.0,4.9,4.3,3.0,4.2,4.9,2.6,2.6,3.8,4.8
15-1212.00,Information Security Analysts,4.2,3.6,4.3,3.4,3.1,4.7,3.6,2.9,3.4,2.6,2.5,4.6,4.8,4.4,3.6,5.0,2.3,2.8,3.1,4.5
15-1212.00,Information Security Analysts,4.3,3.6,3.1,2.6,3.4,4.6,3.7,2.8,3.8,3.9,2.6,5.0,4.3,3.7,3.7,4.8,3.0,3.1,3.4,4.6
15-1212.00,Information Security Analysts,3.6,3.8,3.8,3.2,3.6,4.8,3.6,3.2,3.2,3.6,3.2,4.9,4.6,3.8,3.6,4.9,1.9,3.0,3.3,4.1
15-1212.00,Information Security Analysts,4.1,2.6,4.1,3.0,3.0,4.8,3.5,2.8,3.7,2.6,3.3,4.5,4.2,4.1,3.8,4.6,2.0,2.8,3.8,4.3
15-1212.00,Information Security Analysts,4.3,3.8,3.7,3.9,3.4,5.0,3.6,3.2,3.5,3.1,2.9,4.9,4.0,3.3,4.2,4.8,2.9,3.3,4.0,4.7
15-1212.00,Information Security Analysts,3.8,2.7,4.2,3.5,3.0,4.7,4.5,3.0,3.4,3.2,2.3,4.7,4.4,3.1,4.3,4.7,2.7,3.4,3.2,4.7
15-1212.00,Information Security Analysts,4.0,3.8,3.3,3.5,3.6,4.6,3.6,3.2,3.7,3.0,3.0,4.7,4.7,3.3,4.4,4.6,2.1,2.6,3.1,4.5
15-1212.00,Information Security Analysts,3.8,3.8,3.0,3.1,3.3,4.5,3.6,2.9,3.5,3.1,2.8,4.8,4.0,3.7,4.5,4.8,2.5,2.8,3.8,4.8
15-1212.00,Information Security Analysts,4.0,4.0,3.2,2.5,3.8,4.9,3.6,2.8,3.0,2.9,3.2,4.8,4.3,3.6,3.5,4.6,2.5,3.5,3.8,4.0
15-1212.00,Information Security Analysts,4.4,3.7,4.2,3.2,3.4,4.7,3.6,2.7,3.2,3.2,3.1,4.7,4.1,4.4,4.4,4.9,3.0,3.0,4.0,4.1
15-1212.00,Information Security Analysts,3.9,2.8,3.3,2.7,3.6,4.9,4.1,2.6,3.8,3.5,2.6,4.8,4.3,3.5,4.4,4.6,2.2,3.4,3.7,4.1
15-1212.00,Information Security Analysts,3.6,2.5,3.9,3.2,3.1,5.0,4.0,2.7,3.5,3.5,2.1,4.6,4.8,3.7,4.0,4.7,1.6,2.7,3.4,4.2
15-1212.00,Information Security Analysts,3.5,3.8,4.5,3.7,3.9,4.6,4.5,2.7,4.0,4.0,3.1,5.0,4.6,3.4,3.9,4.8,1.6,3.1,4.0,4.2
15-1212.00,Information Security Analysts,4.3,3.9,4.4,3.9,3.5,5.0,4.3,2.7,3.5,3.6,2.4,4.8,4.7,3.2,4.1,4.9,2.2,2.5,3.0,4.4
15-1212.00,Information Security Analysts,4.4,2.8,4.0,2.8,3.3,4.9,4.2,2.6,3.4,2.5,2.7,4.8,4.1,3.4,3.9,5.0,3.0,2.5,3.8,4.4
15-1212.00,Information Security Analysts,3.9,3.6,4.4,3.9,3.6,4.7,4.3,2.8,3.6,3.0,3.0,4.6,4.2,4.4,3.6,4.8,1.8,2.5,3.0,4.2
15-1212.00,Information Security Analysts,4.4,2.9,4.4,3.4,3.4,4.8,4.0,3.3,3.3,3.0,3.3,5.0,4.9,3.6,4.3,4.7,2.2,2.7,3.6,4.2
15-1212.00,Information Security Analysts,3.8,3.8,3.3,2.6,3.1,5.0,4.0,2.9,3.8,3.8,2.5,4.8,4.8,4.0,3.7,4.9,2.3,2.8,3.4,4.0
15-1212.00,Information Security Analysts,3.6,3.6,3.0,3.1,3.5,4.5,4.5,2.7,3.3,3.0,2.3,4.5,4.7,4.5,3.7,4.8,2.6,3.3,3.4,4.3
15-1212.00,Information Security Analysts,3.8,3.6,4.2,2.8,3.4,5.0,4.3,3.5,3.8,3.1,2.9,4.8,4.1,3.8,4.2,4.6,2.7,3.1,4.0,4.0
15-1212.00,Information Security Analysts,3.8,3.4,3.4,3.6,3.8,4.6,4.0,3.0,3.4,3.9,3.2,4.8,4.7,3.7,4.4,4.8,2.6,3.4,3.3,4.8
15-1212.00,Information Security Analysts,3.7,3.0,3.5,4.0,3.9,4.9,4.2,3.1,3.9,3.2,2.6,4.6,4.8,4.1,3.9,4.5,2.8,2.5,3.7,5.0
15-1212.00,Information Security Analysts,3.9,2.9,4.1,3.7,3.5,5.0,3.6,3.0,3.7,3.8,2.3,4.9,4.6,3.6,3.6,4.9,1.7,2.8,3.3,4.9
15-1221.00,Computer and Information Research Scientists,4.7,4.7,3.4,3.9,4.6,4.8,4.4,3.5,4.0,3.6,3.3,2.4,2.5,3.5,3.6,4.3,3.6,2.9,3.1,3.8
15-1221.00,Computer and Information Research Scientists,4.3,4.1,4.0,3.5,4.1,4.4,4.4,4.1,4.0,4.4,2.8,2.6,3.1,3.2,3.3,4.3,3.1,3.5,3.1,3.5
15-1221.00,Computer and Information Research Scientists,4.2,5.0,3.2,3.6,4.7,4.7,3.6,3.8,3.6,3.9,2.8,2.7,2.4,3.4,3.7,5.0,3.4,2.6,3.1,4.0
15-1221.00,Computer and Information Research Scientists,4.3,3.6,3.9,3.9,4.6,4.3,3.0,4.5,3.4,4.5,3.6,2.9,2.5,3.4,3.6,4.9,3.9,2.6,3.2,3.9
15-1221.00,Computer and Information Research Scientists,4.7,4.8,3.3,3.9,4.7,4.7,3.6,3.5,3.9,3.9,3.2,3.4,2.6,4.3,3.2,4.7,4.0,2.6,3.0,3.4
15-1221.00,Computer and Information Research Scientists,4.1,4.6,4.4,3.7,4.3,4.4,4.1,3.5,3.9,4.4,3.5,2.4,3.1,3.1,3.2,4.9,3.6,2.5,3.2,3.2
15-1221.00,Computer and Information Research Scientists,4.3,3.9,3.1,3.7,4.7,4.6,4.0,3.6,4.4,4.8,3.7,3.2,3.4,3.8,3.2,4.6,3.6,3.2,3.5,3.1
15-1221.00,Computer and Information Research Scientists,4.4,4.9,3.9,3.8,4.3,4.4,4.3,4.2,4.2,4.2,3.4,2.4,3.1,3.6,3.4,4.6,3.9,2.6,3.8,3.3
15-1221.00,Computer and Information Research Scientists,4.4,3.5,3.5,3.8,4.1,4.5,4.4,3.6,4.1,4.1,3.5,2.4,2.2,3.2,3.1,4.2,3.5,3.4,3.8,3.7
15-1221.00,Computer and Information Research Scientists,4.1,3.9,3.5,3.4,4.5,4.5,3.5,3.9,4.2,4.7,3.0,3.4,3.4,3.5,3.4,4.5,3.9,3.4,3.1,3.4
15-1221.00,Computer and Information Research Scientists,4.6,4.3,3.3,4.3,4.7,4.8,4.3,4.2,3.7,4.4,2.7,3.0,2.3,4.0,3.2,4.1,2.7,2.5,3.7,3.7
15-1221.00,Computer and Information Research Scientists,4.5,3.7,3.1,3.0,4.2,4.9,3.4,3.9,3.2,3.8,3.3,2.9,2.4,3.1,3.4,4.2,2.8,3.5,3.6,3.6
15-1221.00,Computer and Information Research Scientists,4.4,4.1,3.8,4.0,4.7,4.2,3.8,3.9,4.3,4.4,3.3,2.2,2.9,3.2,3.3,4.1,3.5,2.7,3.4,3.9
15-1221.00,Computer and Information Research Scientists,4.2,4.3,3.6,3.0,4.8,4.1,3.7,4.1,3.9,4.5,2.9,2.0,3.1,3.8,3.8,4.8,3.8,3.0,3.3,3.8
15-1221.00,Computer and Information Research Scientists,4.5,3.8,4.3,4.3,4.5,4.1,3.6,4.3,4.4,3.8,2.6,3.3,2.6,3.8,4.0,4.1,3.5,2.6,3.4,3.8
15-1221.00,Computer and Information Research Scientists,4.4,5.0,3.8,3.5,4.2,4.4,3.6,3.6,3.6,4.2,3.6,3.0,3.1,3.0,3.2,4.7,3.2,2.5,3.8,3.8
15-1221.00,Computer and Information Research Scientists,4.5,3.6,4.1,3.9,4.8,4.8,4.2,4.0,3.2,4.5,3.4,3.1,2.3,3.3,3.9,4.7,3.9,3.3,3.6,3.7
15-1221.00,Computer and Information Research Scientists,4.9,4.4,3.9,3.2,4.5,4.7,3.4,3.7,3.5,3.9,2.8,2.6,3.4,3.8,3.2,4.1,3.5,2.9,3.8,3.7
15-1221.00,Computer and Information Research Scientists,4.8,3.9,4.0,3.4,4.9,4.6,3.5,3.8,3.3,4.5,2.8,2.9,2.4,4.0,3.8,4.8,3.6,2.7,3.1,3.7
15-1221.00,Computer and Information Research Scientists,4.4,4.1,3.0,3.4,4.0,4.9,3.4,4.1,3.1,4.5,3.0,3.3,3.3,3.5,3.9,5.0,3.7,3.3,3.2,3.6
15-1221.00,Computer and Information Research Scientists,4.1,3.6,4.5,3.5,4.7,4.8,4.3,4.5,3.4,3.6,3.1,2.2,2.0,3.5,3.8,4.6,3.0,3.2,3.2,3.0
15-1221.00,Computer and Information Research Scientists,4.8,4.4,4.1,3.1,4.8,4.6,3.8,4.1,4.3,4.4,3.4,3.5,3.1,3.7,3.7,4.4,2.8,3.1,3.9,3.9
15-1221.00,Computer and Information Research Scientists,4.3,4.3,3.3,4.5,5.0,4.6,4.2,4.2,3.9,3.6,3.2,3.0,3.0,3.6,3.9,4.2,3.3,3.2,3.7,3.6
15-1221.00,Computer and Information Research Scientists,4.3,3.7,4.0,3.9,4.2,4.7,3.7,4.2,4.3,3.8,2.5,3.2,2.9,4.0,3.8,4.8,3.9,3.0,3.5,3.4
15-1221.00,Computer and Information Research Scientists,4.2,4.4,3.4,4.4,4.6,4.6,3.5,3.6,3.0,4.1,2.6,2.9,3.3,4.3,3.7,4.2,3.8,3.4,3.2,3.7
15-1221.00,Computer and Information Research Scientists,4.3,4.7,4.5,3.0,4.9,4.6,4.5,4.0,4.3,3.6,3.0,2.1,3.5,4.2,3.9,4.9,2.6,2.9,3.1,3.2
15-1221.00,Computer and Information Research Scientists,4.2,4.2,3.4,3.2,4.2,4.1,4.5,4.3,4.5,4.2,2.9,3.2,2.5,3.4,3.2,4.1,2.9,2.9,3.7,3.1
15-1221.00,Computer and Information Research Scientists,4.2,4.7,3.2,3.5,4.9,4.2,3.1,4.0,3.5,4.3,3.7,2.2,2.9,3.8,3.1,4.6,2.9,3.0,3.1,3.5
15-1221.00,Computer and Information Research Scientists,4.3,4.7,3.1,3.6,4.5,4.7,3.9,4.2,4.2,4.8,3.0,2.8,3.3,4.5,3.9,4.4,2.8,3.0,3.7,3.5
15-1221.00,Computer and Information Research Scientists,4.5,4.8,3.5,4.3,4.4,4.3,3.7,4.3,3.2,3.8,3.9,2.3,2.9,3.9,3.5,4.6,2.8,3.1,3.4,3.7
15-1221.00,Computer and Information Research Scientists,4.1,4.4,3.3,3.4,4.2,4.2,4.2,3.8,4.4,5.0,3.4,2.2,2.6,4.2,3.4,4.1,3.3,3.3,3.8,3.2
15-1221.00,Computer and Information Research Scientists,4.7,3.8,3.3,4.3,4.2,4.3,3.0,4.4,4.2,4.4,3.6,2.2,2.7,3.5,3.1,4.5,3.9,2.5,3.3,3.2
15-1221.00,Computer and Information Research Scientists,4.2,4.9,3.7,3.7,4.8,4.2,3.7,3.9,3.9,5.0,3.7,2.6,3.2,3.3,3.0,4.2,3.0,3.0,3.6,3.9
15-1221.00,Computer and Information Research Scientists,4.5,4.3,3.1,3.1,4.6,4.4,4.3,3.7,3.0,4.2,2.9,2.1,3.1,3.2,3.6,4.3,2.8,2.9,3.8,3.4
15-1221.00,Computer and Information Research Scientists,4.8,3.7,4.2,3.4,4.7,4.6,4.4,3.9,3.1,3.5,3.7,2.8,3.2,3.4,3.3,4.0,3.9,3.2,3.9,3.3
15-1221.00,Computer and Information Research Scientists,4.6,4.5,3.5,4.3,4.9,4.9,4.1,3.8,3.4,4.9,2.5,3.1,3.1,3.9,4.0,4.3,3.0,2.6,3.4,3.3
15-1221.00,Computer and Information Research Scientists,4.3,4.8,4.4,3.3,4.4,4.9,3.1,3.6,3.2,4.4,2.7,3.5,2.7,3.8,3.2,4.5,3.5,3.3,3.8,3.6
15-1221.00,Computer and Information Research Scientists,4.9,4.7,4.1,3.1,4.0,4.2,4.0,3.9,3.6,4.8,3.8,3.4,2.5,4.0,3.3,4.2,2.8,2.8,3.4,3.8
15-1221.00,Computer and Information Research Scientists,4.1,4.6,3.8,3.4,4.5,4.3,3.9,3.9,3.2,3.7,3.3,3.4,2.5,4.1,3.7,4.9,3.7,3.1,3.7,3.9
15-1221.00,Computer and Information Research Scientists,4.4,4.0,3.0,4.2,4.8,4.1,3.9,4.0,3.2,5.0,2.8,2.1,2.9,4.1,3.0,4.7,3.3,2.6,3.2,3.6
15-1221.00,Computer and Information Research Scientists,4.3,4.9,4.2,4.5,4.3,5.0,3.6,3.8,3.1,3.6,3.5,2.7,2.3,3.9,3.3,4.6,3.0,3.3,3.8,3.5
15-1221.00,Computer and Information Research Scientists,4.4,4.0,4.2,3.5,4.2,4.1,3.7,4.0,4.3,3.8,3.1,3.2,3.2,3.6,3.5,4.3,3.9,2.6,3.9,3.7
15-1221.00,Computer and Information Research Scientists,4.5,3.5,3.7,3.6,4.2,4.7,4.5,4.1,4.1,3.6,3.1,2.2,2.9,4.4,3.7,4.1,3.0,3.1,3.4,3.8
15-1221.00,Computer and Information Research Scientists,4.8,4.4,3.6,3.4,4.1,4.4,3.6,4.2,4.0,3.6,3.1,2.3,2.2,4.2,3.0,4.4,2.8,3.4,3.6,3.2
15-1221.00,Computer and Information Research Scientists,4.5,4.6,4.4,3.3,4.9,4.9,4.4,4.1,3.9,4.1,3.6,2.8,3.0,3.6,3.7,4.8,2.7,3.3,3.5,3.8
15-1221.00,Computer and Information Research Scientists,4.4,4.1,4.4,3.4,4.8,4.5,3.8,3.8,3.9,4.0,2.6,2.4,2.0,4.5,4.0,4.4,3.6,2.8,3.7,3.8
15-1221.00,Computer and Information Research Scientists,4.9,4.1,4.2,3.4,5.0,4.0,3.9,4.2,4.0,3.7,3.9,2.3,2.9,3.3,3.3,4.5,3.1,2.7,3.2,3.4
15-1221.00,Computer and Information Research Scientists,4.8,4.8,3.1,3.6,4.1,4.0,4.0,4.1,3.2,3.9,2.5,3.3,3.5,3.2,3.2,4.9,3.9,2.9,3.1,3.0
15-1221.00,Computer and Information Research Scientists,4.6,4.1,3.0,3.9,4.0,4.8,3.5,3.5,3.9,4.1,4.0,2.8,2.4,4.1,3.3,4.9,3.1,3.0,3.1,3.4
15-1221.00,Computer and Information Research Scientists,4.8,4.7,3.3,3.3,4.8,4.9,3.1,4.0,3.5,4.8,2.6,2.3,3.1,3.1,3.5,4.4,3.0,2.9,3.5,3.2
15-1231.00,Computer Network Support Specialists,4.6,4.7,4.1,3.2,4.1,4.3,3.5,3.9,4.0,3.6,2.6,2.6,3.0,3.3,3.6,4.3,3.8,3.4,3.3,3.2
15-1231.00,Computer Network Support Specialists,4.4,3.9,4.0,4.2,4.7,4.8,3.6,3.7,4.1,4.0,3.5,2.4,2.1,4.5,3.2,5.0,4.0,3.3,3.7,3.6
15-1231.00,Computer Network Support Specialists,4.9,3.9,3.7,3.9,4.4,4.4,3.5,4.1,4.3,3.8,3.9,3.0,3.2,3.8,3.8,4.0,3.7,2.5,3.9,4.0
15-1231.00,Computer Network Support Specialists,4.3,3.8,4.1,3.4,4.9,4.1,3.2,4.5,4.0,4.8,3.0,3.0,2.9,3.9,3.7,4.6,3.1,2.8,3.8,3.2
15-1231.00,Computer Network Support Specialists,4.7,3.8,3.9,4.1,4.2,4.1,3.2,4.1,4.3,3.6,3.6,2.5,2.7,4.4,3.3,4.5,2.5,2.6,3.3,3.0
15-1231.00,Computer Network Support Specialists,4.6,4.1,3.8,3.3,4.3,4.7,4.4,3.6,4.3,4.4,3.3,2.8,2.1,3.1,3.6,4.3,3.9,2.9,3.1,3.7
15-1231.00,Computer Network Support Specialists,4.3,4.3,4.0,4.4,4.8,4.7,4.0,4.4,3.4,3.5,2.9,2.3,3.0,4.0,3.6,4.0,3.6,2.8,3.7,3.6
15-1231.00,Computer Network Support Specialists,4.3,3.7,3.1,4.2,4.9,4.6,3.2,3.9,4.1,4.7,2.7,2.0,3.1,3.5,3.3,4.0,3.3,3.4,4.0,3.6
15-1231.00,Computer Network Support Specialists,4.5,3.6,3.8,3.6,4.6,4.4,3.4,3.6,3.5,3.6,2.8,3.5,2.7,3.8,3.9,5.0,3.4,3.3,3.3,3.3
15-1231.00,Computer Network Support Specialists,4.4,4.5,4.0,3.5,4.1,4.6,3.2,4.1,4.0,4.6,3.6,3.3,2.7,4.1,3.6,4.2,2.5,2.8,3.4,3.6
15-1231.00,Computer Network Support Specialists,4.8,3.8,3.2,4.4,4.1,4.5,3.9,4.0,3.1,3.6,2.7,2.9,2.8,3.4,3.6,4.8,2.6,3.0,3.7,3.3
15-1231.00,Computer Network Support Specialists,4.3,4.4,4.3,4.2,4.6,4.7,3.5,4.1,3.7,3.8,3.6,2.8,2.5,4.4,3.0,4.3,2.6,3.3,3.7,3.3
15-1231.00,Computer Network Support Specialists,4.7,4.1,4.1,3.7,4.4,4.9,3.4,3.6,3.9,5.0,3.1,2.1,2.5,3.8,3.2,4.7,4.0,3.0,3.4,3.4
15-1231.00,Computer Network Support Specialists,4.1,4.8,3.6,3.6,4.7,4.4,4.0,3.6,4.2,4.9,3.5,3.4,2.2,3.7,3.6,4.6,3.1,2.8,3.1,3.4
15-1231.00,Computer Network Support Specialists,4.2,4.6,3.3,3.1,4.6,4.6,4.3,4.1,3.5,4.7,3.3,2.1,2.8,4.4,3.4,4.3,2.7,2.7,3.4,3.6
15-1231.00,Computer Network Support Specialists,4.1,4.9,4.1,3.9,4.8,4.1,3.7,4.1,4.2,4.7,2.9,3.4,2.2,4.3,4.0,4.2,3.6,2.5,3.4,3.5
15-1231.00,Computer Network Support Specialists,4.6,4.9,4.0,3.7,4.8,5.0,3.0,4.5,3.1,4.7,2.9,2.2,2.7,4.0,3.4,4.1,3.4,3.4,3.4,3.2
15-1231.00,Computer Network Support Specialists,4.4,3.6,4.2,4.2,4.6,4.4,4.2,4.1,4.2,4.4,3.7,2.9,2.6,4.4,3.5,4.6,2.8,3.1,3.6,3.2
15-1231.00,Computer Network Support Specialists,4.1,4.4,4.1,3.8,4.2,4.7,3.1,3.9,3.2,3.8,2.8,2.6,2.1,3.6,3.5,4.5,3.1,3.3,3.1,3.5
15-1231.00,Computer Network Support Specialists,4.1,3.6,3.9,3.8,4.9,4.6,4.4,3.5,3.1,3.6,2.8,2.8,3.0,3.1,3.9,4.8,2.9,2.6,3.2,3.1
15-1231.00,Computer Network Support Specialists,4.1,4.3,3.4,3.5,5.0,4.7,4.4,3.6,3.6,4.3,2.6,2.0,3.0,4.0,3.4,4.5,3.1,2.5,3.3,3.2
15-1231.00,Computer Network Support Specialists,4.1,4.9,3.9,4.1,4.3,4.4,3.4,3.6,3.3,4.7,3.5,2.8,2.7,4.4,3.1,4.3,3.0,3.3,4.0,3.2
15-1231.00,Computer Network Support Specialists,4.9,4.7,3.3,3.6,4.4,5.0,3.3,4.3,3.5,4.6,3.1,2.9,3.2,4.2,3.9,4.1,3.5,2.6,3.4,3.5
15-1231.00,Computer Network Support Specialists,4.4,4.3,4.5,3.2,4.7,4.4,3.2,3.7,4.4,4.8,3.9,3.5,2.3,3.5,3.7,4.5,3.1,2.9,3.6,3.6
15-1231.00,Computer Network Support Specialists,4.2,4.2,3.8,3.9,4.2,4.7,3.0,3.9,4.2,4.3,2.9,3.0,2.9,4.2,3.7,4.6,3.2,2.6,3.3,3.4
15-1231.00,Computer Network Support Specialists,4.6,4.3,3.4,3.0,4.5,4.3,4.1,3.5,3.9,4.9,2.8,2.7,2.1,3.9,3.6,4.4,3.3,3.4,3.2,3.0
15-1231.00,Computer Network Support Specialists,4.9,4.4,4.3,3.9,4.8,4.4,4.1,4.4,3.9,3.8,2.9,2.3,2.4,3.5,3.6,4.6,3.1,3.1,3.1,3.1
15-1231.00,Computer Network Support Specialists,4.2,4.3,3.3,3.4,4.4,4.8,3.0,4.1,4.0,4.7,3.9,2.0,2.2,4.3,3.5,4.6,3.5,3.2,3.9,4.0
15-1231.00,Computer Network Support Specialists,4.7,3.9,4.3,3.1,4.2,4.9,3.4,3.7,3.2,4.8,3.3,3.0,2.4,4.1,3.8,4.3,3.1,2.7,4.0,3.6
15-1231.00,Computer Network Support Specialists,4.9,4.0,4.2,4.1,4.7,5.0,3.6,3.6,4.0,4.6,3.4,2.3,2.8,3.5,3.4,4.6,3.6,2.7,3.4,3.3
15-1231.00,Computer Network Support Specialists,4.2,4.7,4.4,3.6,4.8,4.9,4.3,3.7,4.4,4.1,3.0,2.1,2.7,3.2,3.2,4.3,3.7,3.4,3.3,3.9
15-1231.00,Computer Network Support Specialists,4.9,4.6,3.2,4.0,4.9,4.7,3.5,4.0,4.0,4.3,2.7,2.5,3.2,4.3,3.1,5.0,3.0,3.2,3.8,3.8
15-1231.00,Computer Network Support Specialists,4.9,4.0,4.3,3.2,4.7,4.7,4.0,3.8,4.3,3.8,2.6,3.1,2.7,4.3,3.4,4.2,3.8,3.0,3.2,3.7
15-1231.00,Computer Network Support Specialists,4.5,4.4,3.7,4.2,4.8,4.7,3.2,4.3,4.0,4.5,3.0,3.3,3.1,3.2,3.4,4.9,2.6,3.5,3.7,3.6
15-1231.00,Computer Network Support Specialists,4.3,3.9,4.4,3.4,4.8,4.4,3.2,3.5,3.8,5.0,3.1,2.5,2.5,3.8,3.4,4.9,3.3,3.0,3.1,4.0
15-1231.00,Computer Network Support Specialists,4.2,3.6,4.0,3.9,4.4,4.4,4.2,3.7,4.2,4.5,3.1,2.7,2.4,4.1,3.5,4.3,3.4,3.5,3.4,3.9
15-1231.00,Computer Network Support Specialists,4.3,3.6,3.3,3.6,4.2,4.0,4.4,4.3,4.1,3.8,2.7,2.1,3.1,4.4,3.4,4.1,3.3,2.8,3.4,3.6
15-1231.00,Computer Network Support Specialists,4.7,3.7,3.1,4.5,4.2,4.1,3.3,3.5,3.6,4.7,3.0,2.7,3.0,3.8,3.9,4.9,2.5,3.3,3.5,4.0
15-1231.00,Computer Network Support Specialists,4.5,5.0,4.1,3.4,4.5,5.0,4.3,3.6,4.1,4.0,2.5,2.6,2.4,4.2,3.3,4.8,2.5,2.8,3.2,3.2
15-1231.00,Computer Network Support Specialists,4.1,3.8,3.8,3.4,4.4,4.4,4.3,4.4,3.7,4.0,2.7,3.4,2.1,3.4,3.3,4.3,2.7,3.3,3.1,3.6
15-1231.00,Computer Network Support Specialists,4.1,3.6,4.4,3.3,4.8,4.5,3.1,4.5,3.4,4.8,2.8,3.3,2.0,3.8,3.8,4.9,3.9,3.3,3.9,3.2
15-1231.00,Computer Network Support Specialists,4.3,3.9,3.6,3.6,4.5,4.2,4.0,3.7,3.5,4.3,3.7,3.1,3.0,3.2,3.5,4.1,3.1,2.9,3.0,3.3
15-1231.00,Computer Network Support Specialists,5.0,4.9,3.5,3.1,4.2,4.4,4.4,3.6,4.1,3.7,4.0,2.6,3.2,3.5,3.6,4.2,2.7,3.4,3.9,3.9
15-1231.00,Computer Network Support Specialists,4.6,4.7,3.1,3.5,4.3,4.6,3.5,3.6,3.9,4.7,3.1,2.2,2.3,3.4,3.3,4.6,3.4,3.2,3.4,3.8
15-1231.00,Computer Network Support Specialists,4.2,4.2,4.2,3.3,4.1,4.9,3.5,4.2,3.0,4.5,3.0,2.1,2.9,3.4,3.4,4.1,2.7,2.8,3.1,3.9
15-1231.00,Computer Network Support Specialists,4.0,4.2,3.2,3.5,4.9,4.2,4.4,3.7,4.1,4.3,3.8,2.8,2.8,3.3,3.2,4.9,3.0,2.9,3.8,3.3
15-1231.00,Computer Network Support Specialists,5.0,4.6,3.9,4.3,4.0,4.3,3.7,3.7,4.1,4.9,3.1,2.5,3.4,3.7,3.5,4.4,3.9,3.1,3.8,3.8
15-1231.00,Computer Network Support Specialists,4.3,4.2,4.3,3.5,4.8,4.9,3.9,4.2,4.2,4.8,3.1,2.1,2.6,4.0,3.5,4.7,3.0,3.1,3.2,3.7
15-1231.00,Computer Network Support Specialists,4.5,3.8,3.4,4.1,4.5,4.2,4.5,4.2,4.4,4.1,3.2,3.3,2.8,4.1,3.3,4.4,2.7,2.7,3.0,3.0
15-1231.00,Computer Network Support Specialists,5.0,3.9,4.0,4.3,4.6,4.2,4.1,4.1,4.1,4.7,4.0,2.9,2.5,4.0,3.1,4.9,2.7,2.8,3.8,3.6
15-1232.00,Computer User Support Specialists,4.4,4.2,4.3,3.5,4.9,4.1,4.2,4.3,3.3,4.1,2.7,3.1,2.8,4.0,3.2,4.2,2.6,2.8,3.6,3.9
15-1232.00,Computer User Support Specialists,4.7,4.2,4.4,4.1,4.9,4.5,3.4,3.6,4.1,3.7,3.0,2.8,2.8,3.9,3.2,4.4,3.4,3.5,3.7,3.9
15-1232.00,Computer User Support Specialists,4.8,4.4,3.3,4.0,4.6,4.6,3.7,4.0,3.5,4.3,2.8,3.2,2.3,3.1,3.4,4.7,3.2,2.8,3.6,3.3
15-1232.00,Computer User Support Specialists,4.9,4.9,3.8,3.5,4.7,4.0,3.7,3.8,4.4,3.5,3.3,3.1,2.7,3.1,4.0,4.5,3.4,2.7,3.5,3.4
15-1232.00,Computer User Support Specialists,4.1,3.7,4.3,3.4,4.2,4.5,4.2,3.6,3.9,3.7,2.6,2.1,3.3,3.2,3.0,4.4,3.8,2.8,3.4,3.0
15-1232.00,Computer User Support Specialists,4.4,4.4,3.9,3.5,4.3,4.1,3.6,3.6,4.1,4.9,4.0,3.3,2.9,4.1,3.3,4.6,3.2,3.0,3.8,3.3
15-1232.00,Computer User Support Specialists,4.3,4.9,3.1,3.7,4.9,4.6,3.8,3.7,3.5,4.8,3.3,2.8,2.1,3.0,4.0,4.4,3.4,2.6,3.7,3.9
15-1232.00,Computer User Support Specialists,4.6,3.7,3.9,4.1,4.4,4.9,4.0,4.4,3.9,3.7,3.0,2.3,3.4,4.1,3.7,4.3,2.8,3.3,3.5,3.2
15-1232.00,Computer User Support Specialists,4.6,3.6,3.5,3.7,4.1,5.0,3.3,3.6,3.3,4.7,3.1,2.8,2.0,3.1,3.4,4.8,3.8,2.6,3.5,3.9
15-1232.00,Computer User Support Specialists,4.4,4.7,3.2,4.4,4.8,4.9,4.0,3.9,4.4,3.9,3.0,3.1,3.1,4.4,3.2,4.8,3.6,2.6,3.4,3.3
15-1232.00,Computer User Support Specialists,4.3,5.0,4.0,4.1,5.0,4.4,4.2,3.9,4.3,3.8,3.9,2.3,2.5,4.1,3.4,4.6,3.2,3.2,3.2,3.1
15-1232.00,Computer User Support Specialists,4.3,4.2,3.3,3.5,4.4,4.1,3.9,4.4,3.2,4.4,3.5,2.6,3.1,3.6,3.5,4.0,3.5,3.2,3.0,3.4
15-1232.00,Computer User Support Specialists,5.0,4.1,3.8,4.4,4.7,4.6,4.2,4.4,3.7,4.2,3.1,3.5,3.0,3.1,3.9,4.5,2.6,3.0,3.4,3.9
15-1232.00,Computer User Support Specialists,4.2,4.7,3.8,3.1,5.0,4.5,3.4,4.0,4.3,4.0,2.8,2.2,2.4,4.2,3.5,4.2,2.7,2.8,3.9,3.3
15-1232.00,Computer User Support Specialists,5.0,4.2,3.3,4.3,4.5,4.7,4.5,3.6,3.1,4.6,2.9,2.3,2.1,3.0,3.8,4.1,3.2,3.1,3.4,3.0
15-1232.00,Computer User Support Specialists,4.8,3.5,4.1,4.3,4.4,4.5,3.7,3.9,4.3,4.8,3.0,2.9,3.4,4.4,3.5,4.5,2.9,3.5,3.1,3.6
15-1232.00,Computer User Support Specialists,4.3,3.9,3.6,4.5,4.1,4.6,3.1,3.7,3.7,4.3,2.9,2.5,2.1,3.5,4.0,4.9,3.0,3.1,3.9,3.0
15-1232.00,Computer User Support Specialists,4.8,4.9,3.1,3.2,5.0,4.5,3.0,3.8,3.7,4.5,3.6,3.5,2.4,3.8,3.5,4.4,2.8,3.5,3.9,3.5
15-1232.00,Computer User Support Specialists,4.6,3.8,3.8,4.0,4.5,5.0,3.9,3.9,4.2,3.8,3.1,2.5,2.6,4.2,3.5,4.8,3.4,2.8,3.8,3.2
15-1232.00,Computer User Support Specialists,4.2,4.3,3.4,3.0,4.6,4.5,3.7,4.5,3.9,4.8,2.7,2.9,3.3,3.9,3.7,4.4,2.6,3.0,3.4,3.9
15-1232.00,Computer User Support Specialists,4.2,5.0,4.4,3.4,4.3,4.9,4.4,3.9,3.5,4.3,3.5,2.4,3.1,3.1,3.0,4.4,3.0,2.8,3.5,3.3
15-1232.00,Computer User Support Specialists,4.2,4.0,4.5,3.6,4.4,4.6,4.5,3.7,4.0,4.6,3.4,2.1,3.0,3.1,3.6,4.7,2.8,3.3,3.0,3.8
15-1232.00,Computer User Support Specialists,4.5,3.8,3.2,4.4,4.1,4.2,3.5,4.1,3.8,3.7,2.9,2.4,2.3,3.6,3.7,4.2,3.1,2.9,4.0,4.0
15-1232.00,Computer User Support Specialists,4.8,3.9,3.1,3.5,4.3,4.5,4.2,4.4,4.3,4.0,3.5,2.5,2.1,4.1,3.0,4.4,3.0,3.2,3.8,3.3
15-1232.00,Computer User Support Specialists,4.8,3.9,3.7,4.1,4.7,5.0,3.3,4.2,3.9,4.9,2.7,3.1,2.9,3.4,3.5,4.3,3.4,3.4,3.6,3.6
15-1232.00,Computer User Support Specialists,4.5,3.6,3.3,3.7,4.3,4.2,3.8,3.8,3.4,4.2,2.7,3.4,3.3,4.1,3.1,4.8,3.7,3.3,3.1,3.6
15-1232.00,Computer User Support Specialists,4.8,4.4,4.0,3.7,4.5,4.0,4.0,3.6,3.7,3.9,3.3,2.2,3.0,4.2,3.2,4.1,2.7,3.4,3.5,3.5
15-1232.00,Computer User Support Specialists,4.1,4.5,4.3,4.2,4.6,4.1,3.2,3.5,3.4,3.7,2.9,2.6,3.4,3.9,3.8,4.7,2.7,3.2,3.3,3.6
15-1232.00,Computer User Support Specialists,4.3,5.0,3.4,3.4,4.9,4.0,4.0,4.2,4.3,5.0,4.0,2.1,3.2,4.0,3.6,4.1,3.5,3.5,3.9,3.4
15-1232.00,Computer User Support Specialists,4.0,4.0,4.2,4.1,4.5,4.1,3.6,4.0,4.4,4.5,3.0,2.8,2.1,4.5,3.4,4.5,3.0,3.2,3.7,3.7
15-1232.00,Computer User Support Specialists,4.3,4.0,3.2,4.0,4.0,4.6,4.3,4.4,3.7,4.2,2.6,3.0,3.2,3.4,3.4,4.8,3.8,2.7,3.6,3.2
15-1232.00,Computer User Support Specialists,4.1,4.9,4.2,4.1,4.0,4.8,3.7,3.8,3.8,3.6,3.6,2.9,2.3,3.3,3.2,4.1,3.4,3.3,3.0,3.0
15-1232.00,Computer User Support Specialists,4.6,4.7,3.5,3.5,4.6,4.3,3.0,4.2,3.9,4.4,3.6,3.0,2.3,3.5,3.1,4.1,3.5,3.4,4.0,3.6
15-1232.00,Computer User Support Specialists,4.2,3.7,4.2,3.9,4.6,4.8,4.1,4.3,3.1,4.6,3.8,2.4,3.0,3.5,4.0,4.0,3.4,2.7,3.7,3.2
15-1232.00,Computer User Support Specialists,4.2,4.2,4.4,3.3,4.1,4.8,3.8,4.4,3.2,4.5,2.8,2.2,3.0,3.9,3.8,4.3,3.2,2.9,4.0,3.3
15-1232.00,Computer User Support Specialists,4.3,4.0,3.8,3.4,4.9,4.3,4.3,3.6,4.0,4.9,2.8,3.5,2.7,4.4,3.7,4.3,2.8,2.8,3.1,3.1
15-1232.00,Computer User Support Specialists,4.1,4.1,4.2,3.2,4.1,4.6,3.3,3.6,3.3,4.9,3.7,2.5,3.0,3.8,3.7,4.7,3.4,2.8,3.0,3.5
15-1232.00,Computer User Support Specialists,4.9,4.4,4.2,4.5,4.2,4.7,4.0,4.5,4.5,4.5,2.9,3.2,2.2,4.2,3.9,4.4,3.4,2.9,3.4,3.3
15-1232.00,Computer User Support Specialists,4.8,4.9,4.4,3.3,4.9,4.7,3.4,3.6,3.4,4.9,3.4,3.1,2.4,4.1,3.0,4.4,3.4,2.6,3.8,3.2
15-1232.00,Computer User Support Specialists,4.7,4.1,3.9,3.2,4.0,4.9,3.4,4.3,4.5,3.8,2.9,3.0,3.4,4.4,3.5,4.8,2.7,3.5,4.0,3.2
15-1232.00,Computer User Support Specialists,4.3,3.7,3.4,4.2,4.4,4.1,3.5,4.5,3.9,4.1,2.7,3.5,3.2,3.4,3.1,4.1,2.7,3.1,3.9,3.5
15-1232.00,Computer User Support Specialists,4.8,4.2,4.1,4.1,4.2,4.4,4.0,3.6,3.5,4.3,4.0,2.7,3.2,3.6,3.8,4.6,3.8,2.9,3.6,3.6
15-1232.00,Computer User Support Specialists,4.4,3.7,3.1,3.0,4.9,4.2,3.3,4.2,3.5,4.3,2.7,3.4,3.3,4.3,3.4,4.8,2.7,2.5,3.0,3.6
15-1232.00,Computer User Support Specialists,4.5,4.3,3.0,3.6,4.7,4.4,4.1,3.7,4.2,4.4,2.8,2.4,2.9,4.2,3.4,4.3,3.8,3.2,3.4,3.5
15-1232.00,Computer User Support Specialists,4.2,4.4,3.5,4.5,4.5,4.5,3.8,4.4,4.2,4.2,3.6,2.9,2.7,3.3,3.5,4.2,3.9,2.8,4.0,3.5
15-1232.00,Computer User Support Specialists,4.6,4.3,3.2,3.6,4.1,4.6,3.7,4.3,3.3,3.7,3.1,3.4,3.1,3.6,3.5,4.1,4.0,3.2,3.3,3.6
15-1232.00,Computer User Support Specialists,4.1,4.9,3.3,4.0,4.2,4.7,4.2,4.2,3.9,4.8,2.6,2.5,2.4,4.5,3.4,4.7,3.5,2.7,3.2,3.3
15-1232.00,Computer User Support Specialists,4.4,3.9,3.0,4.3,5.0,4.3,3.5,3.5,4.0,4.7,2.7,2.2,3.2,3.9,3.0,4.6,3.0,2.9,3.8,3.8
15-1232.00,Computer User Support Specialists,4.4,4.9,3.6,4.2,4.5,4.9,4.4,3.6,4.4,4.7,3.7,2.3,3.2,4.3,3.3,5.0,2.6,2.6,3.5,3.6
15-1232.00,Computer User Support Specialists,4.6,3.5,4.4,3.1,4.1,4.0,3.9,4.4,4.0,4.7,2.5,2.8,2.7,3.7,3.1,4.7,3.3,3.3,3.5,3.1
15-1241.00,Computer Network Architects,3.6,2.7,3.4,3.4,3.7,5.0,4.5,3.1,4.1,2.4,3.2,4.8,5.0,3.5,4.5,4.9,2.1,3.5,4.5,4.1
15-1241.00,Computer Network Architects,3.4,3.4,3.4,2.6,3.6,4.6,4.9,3.1,4.2,2.2,2.9,4.4,4.9,3.2,4.6,4.6,2.7,3.9,4.1,4.9
15-1241.00,Computer Network Architects,3.6,2.6,2.9,2.7,4.2,4.9,4.1,3.5,4.3,3.4,2.8,5.0,4.8,3.4,4.8,4.7,2.5,3.5,4.8,4.8
15-1241.00,Computer Network Architects,3.4,2.8,3.0,3.4,3.7,4.9,4.5,3.3,3.6,2.4,3.4,4.3,4.6,3.5,4.3,4.5,2.3,3.5,4.6,4.4
15-1241.00,Computer Network Architects,3.4,3.5,2.9,2.9,3.7,4.7,4.8,3.2,4.2,2.0,2.6,4.8,4.7,3.6,4.2,4.9,2.1,3.9,4.2,4.9
15-1241.00,Computer Network Architects,3.4,3.2,2.8,3.9,3.6,4.6,4.5,3.1,3.7,3.4,3.5,4.4,5.0,3.5,4.3,4.9,2.7,4.0,4.3,4.7
15-1241.00,Computer Network Architects,3.1,2.6,2.5,4.0,4.3,4.9,4.5,3.3,3.7,2.4,2.6,4.8,4.8,3.1,4.0,4.6,2.4,3.9,4.6,4.8
15-1241.00,Computer Network Architects,3.5,2.9,2.6,3.8,4.3,4.6,4.5,3.5,4.1,3.4,2.9,4.5,4.5,3.1,4.2,4.5,2.7,3.7,4.1,4.8
15-1241.00,Computer Network Architects,3.2,2.8,2.7,3.1,3.8,4.7,4.4,4.0,3.6,2.2,2.1,4.6,4.5,3.8,4.5,4.8,2.6,3.2,4.2,4.3
15-1241.00,Computer Network Architects,3.6,2.7,2.6,4.0,3.5,4.9,4.8,3.3,3.6,2.2,3.0,4.6,4.9,3.9,4.7,4.6,2.2,3.8,4.2,4.1
15-1241.00,Computer Network Architects,3.7,2.9,3.4,3.5,3.6,5.0,4.3,3.3,3.9,2.1,2.7,4.1,4.7,3.4,4.8,4.9,2.2,3.4,4.4,4.2
15-1241.00,Computer Network Architects,3.8,3.2,2.7,3.1,3.6,4.8,4.1,4.0,4.3,2.6,2.9,4.9,4.8,3.2,4.4,4.9,2.6,3.7,4.9,4.9
15-1241.00,Computer Network Architects,3.9,2.6,3.0,3.6,4.3,4.8,4.2,3.8,4.2,2.1,2.7,4.2,4.7,3.0,4.4,4.8,2.6,3.7,4.8,4.2
15-1241.00,Computer Network Architects,3.1,3.4,2.7,4.0,4.3,4.8,5.0,3.1,3.8,3.0,2.5,4.9,4.5,3.5,4.6,4.8,2.3,3.4,4.8,4.2
15-1241.00,Computer Network Architects,3.8,3.1,3.3,3.6,3.7,4.8,4.9,3.4,4.5,2.7,2.2,4.4,5.0,3.3,4.9,4.9,2.4,3.1,4.7,4.3
15-1241.00,Computer Network Architects,3.8,2.9,3.0,3.7,3.9,4.7,4.4,3.4,4.0,3.2,2.5,4.5,4.8,3.3,4.3,5.0,2.7,3.6,4.6,4.0
15-1241.00,Computer Network Architects,3.6,3.0,3.0,3.0,3.6,4.6,5.0,3.4,4.0,2.1,2.1,4.7,4.8,3.5,4.2,4.9,2.2,3.2,4.5,4.3
15-1241.00,Computer Network Architects,3.2,3.1,3.2,3.7,3.9,4.5,4.3,4.0,4.1,3.1,2.0,4.5,4.5,3.6,4.9,5.0,2.5,3.5,4.9,4.7
15-1241.00,Computer Network Architects,3.1,3.0,2.7,3.2,4.0,4.8,4.4,3.2,4.0,3.2,3.0,4.3,5.0,3.9,4.2,4.5,2.7,3.8,5.0,4.9
15-1241.00,Computer Network Architects,3.6,3.0,2.5,2.9,4.0,4.8,4.6,3.7,3.8,2.8,2.1,4.4,4.9,3.7,5.0,4.6,2.5,3.3,4.4,4.9
15-1241.00,Computer Network Architects,3.7,3.4,2.7,3.8,3.6,4.9,4.3,3.3,4.0,3.4,2.1,4.4,4.9,3.4,4.2,4.7,2.4,3.9,4.8,4.5
15-1241.00,Computer Network Architects,4.0,3.0,2.6,2.9,3.9,4.6,4.9,3.8,3.8,2.9,3.1,4.9,4.9,3.5,4.8,4.8,2.6,3.1,4.1,4.5
15-1241.00,Computer Network Architects,3.3,2.5,3.2,2.5,4.1,4.8,5.0,3.5,3.6,2.8,3.3,5.0,4.7,3.3,4.9,4.6,2.6,3.4,4.0,4.3
15-1241.00,Computer Network Architects,3.3,3.2,3.4,2.9,4.3,4.5,4.5,3.1,4.4,3.1,3.0,4.8,4.8,4.0,4.7,5.0,2.5,3.1,4.5,4.1
15-1241.00,Computer Network Architects,3.6,3.0,3.1,2.5,3.7,4.7,5.0,3.4,3.9,3.1,2.9,4.3,4.7,3.2,5.0,4.6,2.4,3.0,4.2,4.8
15-1241.00,Computer Network Architects,3.2,2.6,3.0,2.5,3.6,4.9,4.8,3.9,4.4,3.0,2.1,4.8,4.9,3.8,4.5,4.6,2.8,3.7,5.0,4.2
15-1241.00,Computer Network Architects,3.2,2.7,3.3,2.8,3.6,5.0,4.0,3.8,3.9,3.3,2.8,4.9,5.0,3.0,4.1,4.6,2.7,3.9,4.5,4.6
15-1241.00,Computer Network Architects,3.2,3.3,3.5,2.9,4.0,4.5,4.6,3.5,3.6,2.7,2.5,4.5,4.8,3.0,4.8,4.9,2.4,3.1,4.8,5.0
15-1241.00,Computer Network Architects,3.2,2.8,2.7,3.4,3.7,4.7,4.7,3.6,3.9,2.6,2.8,4.0,4.5,3.9,4.1,4.9,2.9,3.3,4.4,4.6
15-1241.00,Computer Network Architects,3.9,3.4,3.2,2.6,4.2,4.7,4.5,3.0,3.7,3.2,2.7,4.3,4.7,3.9,4.7,4.6,2.1,3.3,4.9,4.6
15-1241.00,Computer Network Architects,3.5,3.1,2.9,3.7,4.0,4.6,4.1,3.5,4.4,2.5,3.3,4.8,4.6,3.0,4.1,4.9,2.2,3.4,4.5,4.7
15-1241.00,Computer Network Architects,3.1,2.9,3.0,3.3,4.3,4.6,4.8,3.7,4.1,3.0,2.6,4.1,4.8,3.5,4.6,4.7,2.9,3.6,4.1,4.4
15-1241.00,Computer Network Architects,3.8,3.3,3.0,3.8,3.8,4.7,4.9,3.9,4.2,3.3,2.1,4.9,4.7,3.2,4.2,4.7,2.3,3.3,4.1,4.3
15-1241.00,Computer Network Architects,3.6,2.9,2.8,3.6,4.4,4.9,4.3,3.7,3.7,2.2,2.5,4.8,4.6,3.1,4.1,4.9,2.6,3.3,4.6,4.5
15-1241.00,Computer Network Architects,3.7,2.7,3.4,3.0,4.2,4.5,4.4,3.4,4.0,2.1,3.2,4.2,4.8,3.8,4.6,4.9,2.7,3.4,4.8,4.3
15-1241.00,Computer Network Architects,3.6,3.2,2.9,3.0,4.0,4.9,4.9,3.5,4.2,3.4,2.1,4.2,4.9,3.8,4.9,4.7,2.1,3.4,4.2,4.3
15-1241.00,Computer Network Architects,3.8,2.6,3.3,3.1,4.1,4.5,4.3,3.1,4.5,3.2,2.7,4.2,5.0,3.3,4.2,4.8,2.9,3.0,4.2,4.9
15-1241.00,Computer Network Architects,3.2,2.6,3.1,3.8,4.0,5.0,4.7,3.1,4.5,2.6,2.4,4.6,4.7,3.1,4.0,4.7,2.8,3.6,5.0,4.3
15-1241.00,Computer Network Architects,3.3,2.7,2.7,2.9,4.3,5.0,5.0,3.2,4.4,2.5,2.2,4.9,4.8,3.2,4.4,4.6,2.7,3.5,5.0,4.1
15-1241.00,Computer Network Architects,3.4,3.0,3.0,3.0,4.2,4.9,4.9,3.8,4.4,2.8,3.2,4.3,4.7,3.3,4.5,4.6,3.0,3.3,4.1,4.5
15-1241.00,Computer Network Architects,3.1,2.6,2.7,3.2,3.9,4.9,4.7,3.4,3.8,2.5,3.2,4.1,4.5,3.8,4.5,4.6,2.2,3.9,4.9,4.7
15-1241.00,Computer Network Architects,3.5,3.0,3.5,3.9,3.7,4.9,4.2,3.2,4.2,2.6,3.4,4.1,4.8,3.9,4.9,4.6,2.4,3.6,4.2,5.0
15-1241.00,Computer Network Architects,3.9,2.7,2.6,2.6,4.4,4.6,4.4,3.4,4.1,2.1,2.3,4.9,5.0,3.8,4.0,4.7,2.6,3.3,4.9,4.6
15-1241.00,Computer Network Architects,3.1,3.4,3.5,2.6,4.0,4.7,4.4,3.2,4.1,3.4,2.8,4.1,4.8,3.3,4.9,4.7,2.2,3.2,4.8,4.3
15-1241.00,Computer Network Architects,3.8,2.7,2.8,3.2,4.4,5.0,4.2,3.4,3.6,2.8,2.7,4.9,5.0,3.4,4.5,4.9,2.8,3.0,4.3,4.4
15-1241.00,Computer Network Architects,3.2,2.7,2.5,3.5,3.8,4.5,4.2,3.8,4.4,2.7,2.6,5.0,4.6,3.2,4.3,4.6,2.4,3.9,4.6,4.4
15-1241.00,Computer Network Architects,3.9,2.5,2.7,3.3,4.1,4.5,4.4,3.6,4.2,3.0,2.5,4.1,4.7,3.1,4.9,4.7,2.3,3.8,4.5,4.3
15-1241.00,Computer Network Architects,3.8,3.4,3.2,2.6,4.1,4.9,4.1,3.2,4.4,2.0,3.1,4.5,4.7,3.0,4.8,4.7,2.5,3.7,4.7,5.0
15-1241.00,Computer Network Architects,3.5,2.9,3.5,3.5,3.8,4.6,4.8,3.4,4.2,2.7,2.3,4.6,4.5,3.4,4.5,4.7,2.7,3.8,4.8,4.0
15-1241.00,Computer Network Architects,3.2,3.0,3.4,3.8,4.3,4.7,4.4,3.5,3.7,2.0,3.4,4.2,4.6,3.1,4.9,4.8,2.7,3.9,4.3,4.6
15-1242.00,Database Administrators,3.0,2.3,4.9,2.7,3.4,4.4,3.5,2.0,3.2,2.3,3.4,4.2,3.3,4.6,3.5,4.9,1.7,2.6,3.4,4.9
15-1242.00,Database Administrators,3.6,3.2,5.0,2.7,3.6,4.5,3.0,3.0,3.4,2.2,4.0,3.4,3.6,4.8,3.4,4.8,1.8,2.9,3.5,4.8
15-1242.00,Database Administrators,3.8,2.6,4.8,1.7,3.9,4.4,3.7,2.0,3.2,2.7,4.3,3.8,3.9,4.7,3.5,4.1,2.3,2.7,3.9,5.0
15-1242.00,Database Administrators,3.9,2.8,4.8,2.7,3.1,4.6,3.0,2.5,3.2,2.3,3.5,3.6,3.6,4.5,3.5,4.2,2.1,3.1,3.6,4.9
15-1242.00,Database Administrators,3.3,3.1,4.7,2.2,3.6,4.0,3.7,2.6,3.3,2.1,3.1,4.4,3.7,4.6,3.4,4.6,2.3,2.5,3.2,4.9
15-1242.00,Database Administrators,3.0,2.3,5.0,2.4,3.3,4.1,3.0,2.2,3.9,2.6,4.1,4.4,3.4,4.6,3.5,4.9,2.3,2.6,3.7,4.8
15-1242.00,Database Administrators,3.9,2.2,4.8,2.8,3.4,4.5,3.1,2.3,3.3,3.4,3.4,3.7,3.7,4.6,3.5,4.7,2.4,3.1,3.7,4.6
15-1242.00,Database Administrators,3.9,2.2,4.9,1.9,3.9,4.7,3.8,2.2,3.4,2.9,4.2,3.2,4.0,4.9,3.3,4.8,2.0,3.0,3.3,4.8
15-1242.00,Database Administrators,3.7,2.6,4.8,2.5,3.7,4.1,3.9,2.5,3.3,2.4,3.7,4.3,3.4,4.9,3.1,4.5,2.5,3.3,3.2,4.8
15-1242.00,Database Administrators,3.2,2.6,4.9,2.7,3.2,4.9,3.6,2.4,3.5,2.9,3.8,3.7,3.5,4.6,3.8,4.5,1.6,3.3,3.9,5.0
15-1242.00,Database Administrators,3.4,2.2,4.8,1.7,3.9,4.2,3.3,2.4,3.4,3.2,3.7,3.3,3.3,4.8,3.1,4.6,2.1,3.2,3.9,5.0
15-1242.00,Database Administrators,3.9,2.4,4.6,2.0,3.9,5.0,3.9,2.1,3.9,2.6,3.0,3.7,3.0,4.8,3.3,4.5,2.1,3.4,3.7,4.7
15-1242.00,Database Administrators,3.8,3.4,4.6,2.3,3.3,4.0,3.7,2.9,3.2,3.2,4.3,4.4,3.3,5.0,3.3,4.6,1.6,2.5,3.7,4.7
15-1242.00,Database Administrators,3.3,2.3,4.8,1.5,3.8,4.1,3.2,2.4,3.5,2.5,3.5,4.4,3.6,4.5,3.4,4.9,1.8,2.6,3.8,4.8
15-1242.00,Database Administrators,3.6,2.1,4.6,2.4,3.2,4.5,3.5,2.3,3.9,3.3,4.1,3.1,3.1,4.7,3.2,5.0,1.7,3.0,3.4,4.8
15-1242.00,Database Administrators,3.1,2.6,4.6,2.8,3.0,4.9,3.8,2.3,3.8,2.0,4.5,3.8,3.3,4.7,3.1,5.0,1.5,3.2,3.4,5.0
15-1242.00,Database Administrators,3.2,2.8,4.7,2.6,3.1,4.2,3.2,2.7,3.2,2.9,3.3,4.3,3.9,4.8,3.4,4.2,1.5,2.8,3.7,4.8
15-1242.00,Database Administrators,3.9,2.6,4.8,2.2,3.5,4.3,3.5,2.5,3.7,3.4,3.5,3.1,3.5,4.8,3.2,4.8,2.5,3.4,3.2,4.9
15-1242.00,Database Administrators,3.7,2.7,4.8,2.8,3.5,4.4,3.5,2.6,3.2,3.4,4.0,3.9,3.1,4.8,3.1,4.1,2.0,2.9,3.6,4.5
15-1242.00,Database Administrators,3.4,2.3,5.0,2.3,3.7,4.3,3.1,3.0,3.3,2.6,4.0,3.0,3.8,4.8,3.3,4.1,1.7,3.4,3.7,4.6
15-1242.00,Database Administrators,3.1,3.0,4.8,2.1,3.4,4.2,3.7,3.0,3.2,2.9,3.6,3.7,3.3,4.9,3.5,4.5,1.8,2.7,3.1,4.9
15-1242.00,Database Administrators,3.2,3.0,4.7,2.1,3.5,4.4,3.1,2.3,3.7,3.0,3.4,3.7,3.2,4.6,3.0,4.9,1.7,2.7,3.3,4.6
15-1242.00,Database Administrators,3.6,2.1,4.6,2.5,3.3,4.7,3.6,2.3,3.7,2.2,3.8,3.7,3.3,4.8,3.9,5.0,2.1,2.9,3.2,4.6
15-1242.00,Database Administrators,3.5,2.6,5.0,2.1,3.4,4.4,3.8,2.7,3.6,2.5,4.2,3.1,3.9,4.8,3.4,4.5,2.2,2.5,3.9,4.7
15-1242.00,Database Administrators,3.3,2.2,4.7,2.2,3.4,4.7,3.4,3.0,3.6,3.2,3.2,3.6,3.3,4.8,3.9,4.1,1.6,3.4,3.2,4.8
15-1242.00,Database Administrators,3.5,3.2,4.6,1.7,3.6,4.9,3.4,2.3,3.6,3.4,4.3,4.5,3.0,4.6,3.6,4.8,1.8,2.7,3.8,4.5
15-1242.00,Database Administrators,3.4,2.8,4.8,2.6,3.4,4.6,3.6,2.5,3.6,2.4,3.1,3.2,3.2,4.8,3.8,4.7,2.3,2.9,3.4,4.7
15-1242.00,Database Administrators,3.2,2.1,4.8,3.0,3.2,4.0,3.8,2.3,3.8,3.1,4.4,3.6,3.7,4.7,3.6,4.4,1.7,3.0,3.5,4.9
15-1242.00,Database Administrators,3.7,3.0,4.6,2.6,3.5,4.9,3.9,2.1,3.8,2.1,3.6,3.8,3.1,4.9,3.0,4.2,2.1,3.2,3.9,4.9
15-1242.00,Database Administrators,3.7,2.6,4.5,1.7,3.5,4.7,3.4,2.7,3.5,2.1,3.3,4.3,3.7,4.9,3.1,5.0,1.7,2.5,4.0,4.6
15-1242.00,Database Administrators,3.7,2.3,4.8,2.9,3.3,4.7,3.2,2.6,3.3,2.3,3.5,3.3,3.9,4.7,3.2,4.4,1.8,3.2,4.0,4.7
15-1242.00,Database Administrators,3.9,2.8,4.6,2.5,3.5,4.7,3.9,2.4,3.9,3.1,3.7,3.9,3.3,5.0,3.7,4.0,1.8,3.1,3.1,4.5
15-1242.00,Database Administrators,3.5,2.5,4.7,1.9,3.2,4.7,3.5,2.2,3.3,2.9,3.1,3.2,3.1,4.9,3.8,4.8,2.2,3.2,3.5,4.8
15-1242.00,Database Administrators,3.0,2.9,4.9,2.3,3.4,4.3,3.6,2.7,3.9,2.5,4.2,3.8,3.9,4.8,3.5,4.6,2.2,3.5,3.1,4.5
15-1242.00,Database Administrators,3.9,2.8,4.8,2.2,3.1,4.8,3.7,2.3,3.3,3.3,3.1,4.3,3.3,4.8,3.9,4.7,1.9,3.2,3.3,4.6
15-1242.00,Database Administrators,4.0,3.1,4.8,2.0,3.0,4.0,3.6,2.8,3.5,3.3,3.1,3.6,3.2,4.7,3.1,5.0,1.7,3.4,3.4,5.0
15-1242.00,Database Administrators,3.6,3.4,4.5,2.6,3.9,4.1,3.1,2.4,3.9,2.8,3.8,3.2,3.0,4.9,3.1,4.6,2.4,2.7,3.7,4.5
15-1242.00,Database Administrators,3.6,2.2,4.9,2.0,3.5,4.6,3.2,2.7,3.3,3.0,3.2,4.0,3.1,4.7,3.2,4.7,1.8,3.4,3.9,4.6
15-1242.00,Database Administrators,3.6,2.1,4.7,2.6,3.7,4.6,3.3,2.4,3.1,3.1,3.8,4.1,3.2,4.7,3.3,4.0,1.8,3.3,3.9,4.8
15-1242.00,Database Administrators,3.5,2.0,4.9,1.5,3.9,4.5,3.3,2.9,3.0,2.9,3.8,3.3,3.4,4.8,3.7,4.0,2.4,2.7,3.2,4.6
15-1242.00,Database Administrators,3.0,2.2,5.0,2.0,3.1,4.1,3.7,2.9,3.3,2.0,3.3,3.1,3.1,4.7,3.2,4.5,1.8,3.4,3.9,4.8
15-1242.00,Database Administrators,3.4,2.6,4.7,2.6,3.5,4.9,3.9,2.3,3.6,2.1,3.3,3.6,3.2,4.9,3.2,4.5,2.1,3.2,3.4,4.9
15-1242.00,Database Administrators,3.6,2.7,4.5,2.2,3.8,4.6,3.8,2.5,3.1,2.0,3.5,4.0,3.8,4.6,3.5,4.4,1.9,2.7,3.1,4.6
15-1242.00,Database Administrators,3.1,2.3,4.5,2.4,3.3,5.0,3.2,2.3,3.4,2.0,4.3,3.0,3.9,4.9,3.5,4.5,2.2,2.9,3.6,4.5
15-1242.00,Database Administrators,3.1,2.7,4.8,2.8,3.1,4.8,3.2,2.4,3.3,2.6,3.2,3.8,3.8,4.7,3.5,4.8,2.2,3.0,3.3,4.9
15-1242.00,Database Administrators,3.6,2.3,4.6,2.7,3.0,5.0,3.1,2.8,3.4,2.7,4.3,3.6,3.5,4.5,3.0,4.2,2.2,2.6,3.1,4.7
15-1242.00,Database Administrators,3.6,3.1,4.6,1.6,3.9,4.3,3.9,2.9,3.8,2.3,4.2,4.2,3.6,4.7,3.3,4.1,2.0,3.1,3.4,4.7
15-1242.00,Database Administrators,3.4,3.0,5.0,1.7,3.4,4.1,3.6,2.7,3.9,2.4,4.4,3.1,3.6,4.5,3.9,4.5,2.2,3.3,3.2,4.5
15-1242.00,Database Administrators,3.9,2.5,4.6,2.2,3.6,4.0,3.3,2.0,3.4,3.3,4.5,4.0,3.2,5.0,3.5,4.2,2.4,3.3,3.7,4.9
15-1242.00,Database Administrators,3.2,2.3,4.8,1.8,3.4,4.8,3.8,2.5,3.8,3.3,4.0,3.3,3.3,4.7,3.1,4.3,1.7,3.0,3.9,4.6
15-1243.00,Database Architects,4.7,4.5,3.1,4.4,4.6,4.4,4.1,3.8,4.0,3.6,3.8,2.7,3.0,3.3,3.7,4.8,3.2,3.1,3.5,3.9
15-1243.00,Database Architects,4.5,4.8,4.2,3.6,4.2,4.4,4.2,3.7,3.8,4.7,3.0,3.0,2.4,3.2,3.8,4.1,2.9,3.4,3.3,4.0
15-1243.00,Database Architects,5.0,3.9,3.1,4.1,4.5,4.1,4.1,3.5,4.3,3.7,2.7,2.3,3.4,4.0,3.8,4.4,3.0,2.7,3.5,3.6
15-1243.00,Database Architects,4.6,3.9,4.4,3.3,5.0,4.0,3.7,3.8,3.7,4.4,3.2,2.6,3.1,4.0,3.8,4.2,3.4,3.1,3.4,3.5
15-1243.00,Database Architects,4.3,3.7,3.3,3.2,4.7,4.7,4.4,4.2,3.1,4.8,3.8,2.7,2.9,4.5,3.5,4.9,2.6,2.7,3.4,3.6
15-1243.00,Database Architects,4.8,5.0,3.6,3.1,4.8,4.6,3.3,4.0,4.1,4.7,3.2,2.5,3.5,4.0,3.4,4.3,3.6,2.7,3.2,3.5
15-1243.00,Database Architects,4.3,4.4,3.2,4.0,4.3,4.0,3.2,4.4,4.3,3.9,3.7,2.9,3.5,3.6,3.7,4.1,3.1,3.5,3.5,3.3
15-1243.00,Database Architects,4.1,4.6,4.0,3.6,5.0,4.0,3.5,4.4,3.5,3.9,3.3,3.2,2.2,4.4,3.8,4.2,3.6,2.9,3.4,3.8
15-1243.00,Database Architects,5.0,3.7,3.6,3.7,4.4,4.4,3.1,4.2,3.7,3.8,3.7,3.2,2.7,3.4,3.6,4.3,2.9,3.2,3.0,3.1
15-1243.00,Database Architects,4.0,3.7,3.1,4.5,4.3,4.1,3.4,4.4,3.8,4.0,3.8,2.6,2.5,3.3,3.4,4.3,3.5,2.8,3.6,3.1
15-1243.00,Database Architects,4.2,4.1,4.4,3.6,4.7,4.3,3.2,3.6,3.5,3.7,2.8,3.1,2.0,3.8,3.4,4.5,3.3,2.8,3.3,3.7
15-1243.00,Database Architects,4.9,3.8,3.1,4.3,4.3,4.6,3.5,3.6,3.9,4.3,2.8,2.7,3.2,3.9,3.1,4.5,3.6,3.3,3.6,3.2
15-1243.00,Database Architects,4.7,4.5,3.0,3.6,4.3,4.7,3.3,4.1,4.4,4.7,3.9,3.5,2.0,3.9,3.4,4.9,2.9,3.5,3.6,3.8
15-1243.00,Database Architects,4.1,3.8,4.1,3.0,4.8,4.0,4.0,3.9,3.9,4.5,3.0,2.2,2.1,3.9,3.5,4.7,3.3,2.9,3.4,3.0
15-1243.00,Database Architects,4.3,5.0,4.3,3.5,4.6,4.8,3.7,3.5,3.1,4.3,4.0,3.0,2.1,3.3,3.8,4.8,3.4,3.1,3.0,3.8
15-1243.00,Database Architects,4.8,3.9,4.1,3.3,4.0,4.2,3.3,3.8,3.6,4.3,3.2,2.4,2.0,3.9,3.4,4.3,3.8,3.2,3.9,3.5
15-1243.00,Database Architects,4.1,4.5,3.3,3.7,4.1,4.8,3.2,4.4,4.3,4.2,3.6,2.9,3.2,3.6,3.8,4.5,3.9,3.0,3.5,3.8
15-1243.00,Database Architects,4.8,4.3,3.3,3.7,5.0,4.8,4.2,3.5,3.7,4.5,3.7,2.1,3.3,3.8,3.2,4.3,2.9,3.0,3.1,3.2
15-1243.00,Database Architects,4.8,3.7,3.4,3.7,4.5,4.8,3.7,4.3,3.9,3.7,2.7,2.7,2.6,4.1,3.6,4.4,2.8,2.7,3.6,3.4
15-1243.00,Database Architects,4.5,3.8,4.0,4.3,4.3,4.5,4.5,3.8,3.9,3.6,3.4,2.1,3.4,4.1,3.8,4.7,3.4,2.9,3.9,4.0
15-1243.00,Database Architects,4.5,4.9,3.9,3.8,4.5,4.2,3.0,3.7,3.8,4.1,3.2,3.5,2.5,3.7,3.1,4.0,3.7,3.1,3.8,3.1
15-1243.00,Database Architects,4.6,3.9,3.3,3.0,4.1,4.3,3.2,4.5,3.5,3.7,2.8,2.9,2.1,4.3,4.0,4.2,3.2,2.5,3.6,3.4
15-1243.00,Database Architects,4.3,3.8,4.0,3.6,4.2,4.7,3.8,4.4,3.2,4.7,3.5,2.2,3.0,3.7,3.9,4.1,3.5,2.9,4.0,3.3
15-1243.00,Database Architects,5.0,4.9,3.4,4.2,5.0,4.3,3.7,4.0,3.4,3.5,2.8,2.4,2.7,3.3,3.9,4.7,2.6,3.2,3.7,4.0
15-1243.00,Database Architects,4.0,3.9,4.4,4.4,4.7,4.8,3.1,4.0,3.3,3.8,3.7,2.2,2.7,4.4,3.2,5.0,4.0,3.1,3.2,3.3
15-1243.00,Database Architects,4.4,4.0,3.4,4.5,4.2,4.7,3.0,4.1,4.4,3.9,2.8,3.0,3.1,4.0,3.3,4.3,3.9,3.4,3.5,3.8
15-1243.00,Database Architects,4.5,4.1,3.2,3.6,4.5,4.0,3.7,4.3,4.0,4.5,3.9,2.0,2.8,4.2,3.5,4.3,2.7,3.4,3.5,3.9
15-1243.00,Database Architects,4.6,4.5,4.2,4.0,4.4,4.5,4.2,3.9,3.6,3.6,3.9,2.1,3.0,3.6,3.4,4.7,2.6,3.1,3.8,3.8
15-1243.00,Database Architects,4.2,4.8,4.0,4.3,4.5,4.5,4.4,4.4,3.7,3.9,3.1,2.6,2.4,3.4,3.9,4.1,3.5,2.7,3.3,3.1
15-1243.00,Database Architects,4.3,4.7,4.3,3.3,4.5,4.5,4.3,4.3,3.8,4.5,3.8,2.0,2.6,4.4,3.7,4.5,3.3,2.8,3.5,3.7
15-1243.00,Database Architects,4.4,4.6,4.3,3.2,4.5,4.4,4.0,3.7,4.0,4.8,3.1,3.4,3.5,3.2,3.2,5.0,3.9,2.6,3.0,3.2
15-1243.00,Database Architects,5.0,3.8,3.8,4.3,4.0,4.6,3.4,4.4,3.4,4.5,3.5,2.3,2.1,3.6,3.3,4.8,3.7,3.0,3.6,3.6
15-1243.00,Database Architects,4.8,4.1,3.4,3.4,4.5,4.4,3.7,3.6,4.1,3.8,2.8,2.6,2.3,3.9,3.4,4.4,3.3,2.7,3.2,3.9
15-1243.00,Database Architects,4.4,4.1,3.1,3.7,4.6,4.6,4.1,3.7,3.4,4.7,3.9,2.2,2.7,3.3,3.1,4.3,2.7,3.2,3.5,3.1
15-1243.00,Database Architects,4.0,4.7,3.3,3.9,4.3,4.6,3.5,3.6,3.3,3.8,3.1,3.0,2.4,3.0,3.5,4.6,3.9,3.1,3.5,3.6
15-1243.00,Database Architects,4.9,4.7,3.5,3.4,4.3,4.5,4.1,4.0,3.1,4.6,3.7,2.4,3.0,3.6,3.9,4.8,3.3,3.2,3.9,3.5
15-1243.00,Database Architects,4.3,4.6,3.3,3.6,4.9,4.7,3.6,3.7,3.5,3.9,2.8,3.1,2.4,3.7,3.4,5.0,3.1,2.6,3.1,3.6
15-1243.00,Database Architects,4.6,4.1,3.6,3.1,4.5,4.5,3.2,3.6,3.2,3.7,3.4,2.3,2.4,3.3,4.0,4.9,2.8,2.8,3.2,3.5
15-1243.00,Database Architects,4.0,4.5,3.8,4.3,4.2,4.8,4.2,3.6,3.6,3.8,2.9,2.4,2.8,3.6,3.9,4.1,4.0,2.7,3.8,3.3
15-1243.00,Database Architects,4.1,4.8,3.5,4.0,4.6,4.5,3.7,4.2,3.1,4.5,3.8,2.1,2.2,4.1,3.4,4.4,2.7,3.0,3.1,3.5
15-1243.00,Database Architects,4.8,3.9,3.7,4.5,4.7,4.8,3.6,4.3,3.1,3.7,2.8,2.6,3.3,3.5,3.7,4.7,3.4,2.9,3.6,3.3
15-1243.00,Database Architects,4.1,5.0,3.2,3.1,4.9,4.3,4.0,3.8,3.6,3.9,3.0,2.6,3.1,3.8,3.9,4.0,3.3,3.1,3.9,3.0
15-1243.00,Database Architects,4.6,4.8,3.4,4.3,4.0,4.7,4.4,4.2,3.7,3.6,3.9,2.7,2.0,4.0,3.5,4.1,2.8,2.6,3.6,3.6
15-1243.00,Database Architects,4.5,4.7,4.3,3.9,4.0,4.7,3.6,4.1,4.0,4.0,3.9,2.2,3.0,3.0,3.9,4.1,2.6,2.8,3.4,3.2
15-1243.00,Database Architects,4.6,4.2,3.1,3.5,4.8,4.7,4.1,4.2,3.5,3.6,2.9,3.2,3.5,3.7,3.0,4.1,3.0,3.1,3.1,3.9
15-1243.00,Database Architects,4.4,4.9,4.2,4.1,4.6,4.6,4.0,4.1,3.8,5.0,3.6,3.2,3.3,3.3,3.1,4.5,3.3,3.3,3.4,3.6
15-1243.00,Database Architects,4.5,3.6,3.9,4.2,4.2,4.6,3.9,3.7,3.2,5.0,3.1,2.3,2.3,4.0,3.6,4.6,2.6,3.4,3.4,3.3
15-1243.00,Database Architects,4.5,4.1,4.3,4.4,4.3,4.9,4.2,4.4,3.4,4.4,2.9,3.2,2.0,3.8,3.3,4.3,3.5,3.4,3.6,3.9
15-1243.00,Database Architects,4.3,4.3,3.7,3.0,4.6,4.7,3.9,4.2,3.9,3.6,2.7,2.9,2.4,3.1,3.4,4.6,3.0,3.2,3.6,3.3
15-1243.00,Database Architects,4.8,4.5,4.0,3.8,4.0,4.7,3.6,4.4,4.2,4.4,2.9,2.3,2.5,3.7,3.3,4.5,2.7,3.5,3.1,3.9
15-1244.00,Network and Computer Systems Administrators,4.9,4.3,4.1,3.7,4.6,4.3,3.5,4.1,3.7,4.4,2.9,2.6,2.1,3.1,3.3,4.1,2.7,3.3,3.0,3.7
15-1244.00,Network and Computer Systems Administrators,4.3,4.8,3.7,3.5,4.5,4.4,3.8,3.6,4.5,4.1,3.0,3.1,2.5,4.2,3.5,4.7,2.7,3.3,3.7,3.2
15-1244.00,Network and Computer Systems Administrators,4.1,4.0,4.5,3.4,4.5,4.0,3.6,4.1,4.4,4.3,3.7,2.8,2.1,3.5,3.6,5.0,3.8,2.7,3.2,3.2
15-1244.00,Network and Computer Systems Administrators,4.9,4.8,4.2,3.6,4.5,4.5,3.4,4.0,3.0,3.7,3.8,3.1,2.6,3.8,3.4,4.7,3.7,3.3,3.7,3.2
15-1244.00,Network and Computer Systems Administrators,4.3,4.2,3.5,4.1,4.3,4.1,3.6,4.5,3.3,4.4,3.1,2.1,2.7,4.1,3.5,4.9,2.9,2.6,3.9,3.4
15-1244.00,Network and Computer Systems Administrators,4.6,4.7,3.5,4.1,4.1,4.3,3.2,4.3,3.3,4.6,3.9,2.8,2.8,3.7,3.3,4.5,3.4,3.5,3.9,3.9
15-1244.00,Network and Computer Systems Administrators,4.9,4.2,4.0,4.3,4.4,5.0,3.6,4.1,4.1,4.9,2.9,3.1,2.8,3.4,3.8,4.6,3.5,2.8,3.5,3.6
15-1244.00,Network and Computer Systems Administrators,4.4,3.8,4.4,3.8,4.7,4.4,3.5,3.9,3.6,4.3,3.3,2.7,2.2,3.7,3.2,4.1,3.9,3.1,3.7,3.4
15-1244.00,Network and Computer Systems Administrators,4.9,4.5,4.2,3.6,5.0,4.8,4.3,3.7,3.4,3.9,2.9,3.3,2.0,3.1,3.3,4.2,2.8,3.3,3.6,3.0
15-1244.00,Network and Computer Systems Administrators,4.4,4.1,3.2,4.0,4.7,4.7,4.1,3.5,4.4,4.7,3.9,2.0,3.4,4.2,3.8,4.1,3.6,3.5,3.7,3.6
15-1244.00,Network and Computer Systems Administrators,4.9,4.2,3.9,3.7,4.9,4.1,3.8,4.2,4.2,4.4,3.9,3.4,2.1,3.6,3.0,4.3,3.3,3.4,3.8,3.1
15-1244.00,Network and Computer Systems Administrators,4.1,4.4,3.8,3.4,4.9,4.9,3.6,4.4,3.6,4.6,3.2,2.2,3.4,3.7,3.7,4.4,2.5,2.6,3.5,3.7
15-1244.00,Network and Computer Systems Administrators,4.3,4.5,4.0,4.1,4.5,4.9,3.7,4.0,3.3,4.0,2.6,3.0,2.4,3.5,3.8,4.3,2.9,2.7,3.8,3.1
15-1244.00,Network and Computer Systems Administrators,4.5,4.3,4.0,3.9,4.8,4.0,3.4,3.8,3.2,3.9,3.0,2.8,3.0,3.6,3.7,4.3,2.9,3.0,3.0,3.1
15-1244.00,Network and Computer Systems Administrators,4.4,4.9,4.1,3.1,4.8,4.7,3.9,4.3,3.6,3.8,3.3,2.8,2.8,3.8,3.9,4.9,3.8,3.3,3.9,3.1
15-1244.00,Network and Computer Systems Administrators,4.3,4.2,4.3,3.8,4.7,4.1,3.4,4.2,3.2,4.0,2.9,2.5,3.1,3.6,3.6,4.1,3.7,2.9,3.6,3.7
15-1244.00,Network and Computer Systems Administrators,4.2,4.8,3.9,3.6,4.2,4.9,4.1,3.7,3.5,4.7,3.5,3.1,2.7,4.1,3.4,4.2,3.4,3.5,3.3,3.5
15-1244.00,Network and Computer Systems Administrators,4.7,4.3,4.3,4.1,4.1,5.0,4.1,4.4,4.0,4.8,2.7,2.5,3.3,3.3,3.1,4.8,3.8,2.7,3.9,3.7
15-1244.00,Network and Computer Systems Administrators,4.5,4.7,3.6,3.3,4.3,4.5,3.8,4.3,4.2,4.4,3.7,2.3,2.1,4.3,3.1,4.2,3.5,2.9,3.9,3.3
15-1244.00,Network and Computer Systems Administrators,4.0,4.0,3.9,3.6,4.5,4.9,4.4,3.8,3.7,4.3,3.9,3.5,2.4,4.1,3.4,4.0,2.5,3.0,3.5,3.0
15-1244.00,Network and Computer Systems Administrators,4.7,3.9,3.8,3.5,4.2,4.4,3.3,4.0,3.3,4.3,2.7,3.0,3.1,3.2,3.5,4.1,3.4,2.8,3.5,3.5
15-1244.00,Network and Computer Systems Administrators,4.9,4.3,3.9,3.6,4.9,4.8,3.4,4.3,3.6,4.7,3.7,2.3,3.1,3.4,3.3,4.3,3.6,2.7,3.0,3.7
15-1244.00,Network and Computer Systems Administrators,4.2,3.7,3.4,3.6,4.5,4.0,4.5,4.2,3.5,4.0,3.2,2.9,2.2,3.3,3.9,4.3,3.1,3.4,3.7,3.3
15-1244.00,Network and Computer Systems Administrators,4.7,3.5,4.1,3.7,4.8,5.0,4.4,4.4,3.8,4.0,3.2,3.0,3.3,3.3,3.9,4.8,4.0,3.4,3.3,3.1
15-1244.00,Network and Computer Systems Administrators,4.1,3.9,3.9,4.2,4.9,4.6,3.0,3.7,3.1,4.0,3.3,2.1,2.5,3.3,3.6,4.5,3.2,2.9,4.0,3.2
15-1244.00,Network and Computer Systems Administrators,4.5,4.6,3.8,4.4,4.4,4.5,3.1,4.1,3.4,3.7,3.3,2.8,2.1,4.0,3.6,4.2,3.2,3.2,3.5,3.4
15-1244.00,Network and Computer Systems Administrators,4.3,4.4,4.4,4.0,4.1,4.5,4.3,3.6,4.5,4.9,2.6,3.4,2.5,4.3,3.4,4.4,3.5,3.3,3.0,3.6
15-1244.00,Network and Computer Systems Administrators,4.2,4.0,3.5,3.7,4.3,4.1,3.2,3.5,3.7,4.9,2.7,3.4,3.1,4.0,3.6,4.8,2.7,3.0,3.7,3.6
15-1244.00,Network and Computer Systems Administrators,4.8,3.6,4.0,3.8,4.4,4.3,3.9,4.4,3.7,4.7,3.1,2.2,2.1,3.1,3.4,4.3,3.6,3.2,3.1,3.2
15-1244.00,Network and Computer Systems Administrators,4.3,4.3,3.2,3.2,4.9,4.8,3.3,3.9,3.5,4.7,3.3,2.2,3.1,3.6,3.3,4.4,3.2,2.8,3.2,3.4
15-1244.00,Network and Computer Systems Administrators,4.0,4.7,3.3,3.1,4.7,4.8,4.2,4.0,3.3,4.6,3.5,2.4,3.4,3.2,4.0,4.9,3.5,3.4,3.7,3.2
15-1244.00,Network and Computer Systems Administrators,4.4,3.6,3.6,4.1,4.4,4.3,3.9,4.4,3.1,4.1,2.7,3.0,2.2,4.0,3.3,4.2,3.9,2.5,3.4,3.0
15-1244.00,Network and Computer Systems Administrators,4.5,4.3,3.5,3.2,4.4,4.7,4.2,4.0,3.9,3.8,2.9,2.2,2.4,3.3,3.5,4.6,3.9,2.7,3.6,3.8
15-1244.00,Network and Computer Systems Administrators,4.6,3.9,3.4,3.1,4.3,4.7,3.1,3.7,4.1,4.7,3.2,3.0,2.6,3.2,3.4,4.6,3.9,2.6,3.5,3.3
15-1244.00,Network and Computer Systems Administrators,4.5,3.5,3.5,4.2,4.6,4.5,3.4,3.8,3.6,4.8,4.0,2.7,2.6,4.3,3.4,4.6,2.8,3.2,3.5,3.8
15-1244.00,Network and Computer Systems Administrators,4.8,3.8,4.1,4.2,4.3,4.2,3.0,4.0,3.5,4.3,2.8,3.3,2.4,3.3,3.5,4.5,2.8,2.8,3.2,3.7
15-1244.00,Network and Computer Systems Administrators,4.8,4.2,4.1,4.1,4.1,5.0,4.2,3.7,3.3,3.7,2.7,3.1,2.7,4.2,3.7,4.6,3.5,2.5,3.3,3.6
15-1244.00,Network and Computer Systems Administrators,4.0,3.5,4.3,4.0,4.3,4.7,4.2,3.8,3.1,4.9,3.0,2.2,2.7,4.2,3.2,4.3,2.9,3.5,3.2,3.6
15-1244.00,Network and Computer Systems Administrators,4.9,3.7,4.5,4.4,4.9,4.2,4.0,4.3,4.5,3.8,3.6,2.5,2.3,3.6,3.8,4.5,3.3,3.5,3.4,3.6
15-1244.00,Network and Computer Systems Administrators,4.4,4.1,4.0,4.4,4.5,4.8,3.1,3.7,3.8,3.5,2.9,2.8,2.0,3.4,3.5,4.6,3.9,3.1,3.4,3.9
15-1244.00,Network and Computer Systems Administrators,4.8,3.8,3.2,4.0,4.6,4.8,4.1,4.1,4.5,4.3,2.7,3.2,2.4,4.2,4.0,4.7,3.4,3.0,3.4,3.4
15-1244.00,Network and Computer Systems Administrators,4.6,4.6,4.0,3.3,4.5,4.8,3.7,4.0,4.2,4.5,3.1,3.3,2.2,4.5,3.1,4.0,3.8,2.7,3.7,3.8
15-1244.00,Network and Computer Systems Administrators,4.9,5.0,3.4,4.1,4.1,4.4,4.3,3.9,3.9,4.3,3.5,3.5,2.1,3.9,3.9,4.5,2.6,3.1,3.3,3.2
15-1244.00,Network and Computer Systems Administrators,4.8,4.3,4.4,4.2,4.7,4.0,3.6,3.7,4.4,3.8,2.9,2.8,2.4,3.3,3.6,4.1,2.6,2.9,3.7,3.6
15-1244.00,Network and Computer Systems Administrators,4.4,4.3,3.5,4.4,4.1,4.7,4.3,4.3,3.3,3.9,3.6,2.1,3.2,4.1,3.7,4.1,3.6,3.2,3.8,3.0
15-1244.00,Network and Computer Systems Administrators,4.0,4.1,3.2,3.8,4.9,4.4,4.3,3.5,3.3,3.5,3.0,3.4,2.1,3.9,3.5,4.9,2.7,2.7,3.0,3.4
15-1244.00,Network and Computer Systems Administrators,4.3,4.8,3.9,3.9,4.5,4.1,3.7,4.5,4.3,4.8,3.7,2.2,2.3,3.0,3.3,4.1,3.2,3.2,3.9,3.7
15-1244.00,Network and Computer Systems Administrators,4.9,3.6,3.0,4.0,4.3,4.3,3.5,3.8,3.8,4.2,3.3,3.0,2.6,3.4,3.2,4.3,3.6,3.3,3.7,3.2
15-1244.00,Network and Computer Systems Administrators,4.6,4.4,3.7,3.8,4.5,4.6,4.1,3.6,4.1,3.7,2.6,3.5,3.4,3.1,3.4,4.2,3.2,3.3,4.0,3.6
15-1244.00,Network and Computer Systems Administrators,4.4,4.4,3.5,4.4,4.9,4.6,3.5,3.8,3.1,4.7,3.2,2.5,2.7,4.2,3.1,4.9,3.8,3.4,3.4,3.2
15-1251.00,Computer Programmers,4.4,4.0,3.3,3.9,4.5,4.9,3.0,4.1,4.1,4.6,3.8,3.1,3.4,3.5,3.5,4.0,2.5,2.7,3.1,3.3
15-1251.00,Computer Programmers,4.2,3.5,4.4,3.0,4.7,4.2,4.4,4.4,4.0,4.5,2.5,3.5,3.3,4.3,3.7,4.3,3.8,2.8,3.6,3.1
15-1251.00,Computer Programmers,4.9,3.7,3.3,3.8,4.8,4.6,3.3,3.5,4.1,5.0,3.7,2.7,3.4,3.6,3.5,4.5,3.2,3.3,3.5,3.3
15-1251.00,Computer Programmers,4.3,3.6,3.9,3.3,4.1,4.7,4.0,4.3,3.8,4.8,3.9,3.2,3.0,3.5,4.0,4.3,2.8,2.9,3.1,4.0
15-1251.00,Computer Programmers,4.6,4.3,4.0,3.7,4.0,4.6,4.1,3.9,4.1,3.8,2.8,2.2,2.6,4.3,3.8,4.4,3.4,3.2,3.2,3.2
15-1251.00,Computer Programmers,5.0,4.4,4.5,3.5,4.7,4.2,3.4,4.0,3.5,3.8,2.9,2.1,3.1,3.7,3.1,4.2,2.7,3.1,3.1,3.8
15-1251.00,Computer Programmers,4.0,3.9,4.3,4.1,4.1,4.8,3.7,4.3,3.9,4.5,4.0,2.3,2.9,3.7,3.0,4.0,2.7,3.1,3.6,3.6
15-1251.00,Computer Programmers,4.0,4.2,4.4,3.6,4.6,4.8,4.2,4.0,4.3,4.1,3.8,2.4,2.4,3.1,3.8,4.4,2.8,2.7,3.9,3.8
15-1251.00,Computer Programmers,4.6,4.4,3.7,3.6,4.9,4.1,3.6,3.8,3.7,4.2,3.3,2.2,2.8,3.4,3.2,4.1,3.6,2.9,3.6,3.7
15-1251.00,Computer Programmers,4.7,4.2,3.6,3.6,4.6,4.5,4.3,4.4,3.3,3.7,3.4,2.5,2.0,4.3,3.2,4.9,3.6,3.3,3.2,3.2
15-1251.00,Computer Programmers,4.5,3.8,3.5,3.5,4.2,4.2,4.2,3.7,3.0,4.4,4.0,2.5,2.2,3.9,3.9,4.8,3.4,2.8,3.5,3.1
15-1251.00,Computer Programmers,4.7,4.6,4.4,3.4,4.0,4.5,4.1,4.3,3.3,3.9,3.3,2.5,3.3,3.7,3.8,4.6,3.7,2.8,3.8,3.3
15-1251.00,Computer Programmers,4.5,3.8,3.7,3.5,4.3,5.0,3.2,4.3,4.5,3.5,3.5,2.4,2.1,3.6,3.9,4.0,3.4,3.0,3.9,3.1
15-1251.00,Computer Programmers,4.7,4.5,4.0,4.4,4.8,4.0,3.7,3.9,3.5,4.2,3.1,2.6,3.5,3.1,3.9,4.5,3.4,3.3,3.4,3.4
15-1251.00,Computer Programmers,4.4,4.1,4.4,4.2,4.1,4.1,3.6,3.6,3.9,3.7,3.3,2.0,2.5,4.0,3.5,5.0,3.8,2.9,3.0,3.8
15-1251.00,Computer Programmers,4.9,4.7,3.2,4.5,4.3,4.7,4.4,3.7,4.4,4.0,4.0,2.4,3.4,3.1,3.7,4.5,3.2,2.7,3.7,3.2
15-1251.00,Computer Programmers,4.6,3.9,4.4,3.0,4.2,4.2,3.6,3.7,3.7,4.8,3.6,2.9,2.1,4.0,3.2,4.8,2.9,2.9,3.4,3.9
15-1251.00,Computer Programmers,4.1,4.3,3.2,4.1,4.9,4.4,3.7,4.4,3.8,4.2,3.4,3.0,2.2,4.2,3.4,4.1,3.7,2.9,3.1,3.6
15-1251.00,Computer Programmers,4.9,4.8,4.4,4.3,4.0,4.4,4.2,3.9,3.9,4.4,3.0,3.4,2.8,3.7,4.0,4.5,2.8,3.0,3.8,3.8
15-1251.00,Computer Programmers,4.8,4.6,3.4,4.3,4.9,4.2,3.2,4.5,4.3,4.8,3.8,2.8,3.0,3.8,3.1,4.7,3.3,3.1,3.5,3.5
15-1251.00,Computer Programmers,4.2,3.9,3.2,3.3,5.0,4.2,3.4,4.1,3.9,3.7,3.7,3.2,2.4,3.4,3.9,4.8,3.5,2.6,3.4,3.6
15-1251.00,Computer Programmers,4.2,4.2,3.9,3.5,4.8,4.8,3.5,4.3,3.2,4.8,2.7,2.1,3.0,3.7,3.9,4.4,2.9,3.0,3.5,3.3
15-1251.00,Computer Programmers,4.7,4.6,4.3,4.5,4.3,4.7,3.6,4.2,3.7,5.0,3.6,3.4,3.3,4.4,3.8,4.5,2.9,2.9,3.0,3.5
15-1251.00,Computer Programmers,4.5,4.3,4.5,4.4,4.2,4.4,3.6,3.9,4.2,4.3,3.4,3.3,3.2,3.2,3.7,4.4,2.9,2.6,3.5,3.4
15-1251.00,Computer Programmers,4.3,4.5,4.2,3.4,4.0,4.8,3.0,4.4,3.9,4.0,2.9,2.0,2.4,3.2,3.6,4.2,3.3,3.1,3.3,3.0
15-1251.00,Computer Programmers,4.0,3.5,4.1,3.5,4.8,4.4,3.7,4.0,4.1,3.9,2.7,2.8,2.5,3.7,3.6,4.5,3.4,3.0,3.7,3.7
15-1251.00,Computer Programmers,4.5,4.5,4.3,3.6,4.4,4.8,3.9,3.6,4.3,3.5,3.6,3.1,3.4,3.1,3.6,4.4,3.0,2.6,3.6,3.5
15-1251.00,Computer Programmers,4.1,4.4,4.1,4.2,4.9,4.4,4.4,4.4,3.4,3.7,3.2,2.6,2.9,3.9,3.7,4.5,2.7,3.4,3.3,4.0
15-1251.00,Computer Programmers,4.1,4.9,3.1,3.3,4.0,4.7,4.3,3.9,4.4,4.4,3.4,3.3,2.4,3.5,3.9,4.9,4.0,3.4,3.1,3.8
15-1251.00,Computer Programmers,4.4,5.0,3.7,3.8,4.5,4.3,3.1,4.4,4.2,3.7,3.7,2.9,2.6,3.4,3.9,4.7,3.3,3.1,3.1,3.5
15-1251.00,Computer Programmers,4.2,3.8,4.0,4.4,4.4,4.2,4.0,4.4,4.1,4.8,3.3,3.1,2.2,3.5,3.4,4.5,3.9,3.4,3.1,3.2
15-1251.00,Computer Programmers,4.4,3.9,3.9,4.4,5.0,4.7,4.3,4.0,3.3,4.3,3.3,3.1,2.3,3.6,3.4,5.0,3.2,3.3,3.8,3.3
15-1251.00,Computer Programmers,4.6,4.8,3.7,4.4,4.2,4.1,4.3,4.3,4.5,4.5,3.9,3.2,3.3,3.9,3.4,4.9,3.1,3.0,3.4,3.6
15-1251.00,Computer Programmers,4.5,3.6,4.3,3.7,4.6,4.1,3.0,3.7,4.1,3.6,3.9,2.3,2.3,3.3,3.0,4.8,3.8,3.1,3.2,3.3
15-1251.00,Computer Programmers,4.5,4.9,3.4,4.1,4.4,4.3,3.7,3.6,4.2,3.9,3.6,2.1,3.4,3.3,3.9,4.8,4.0,3.0,3.7,3.4
15-1251.00,Computer Programmers,4.2,4.2,3.2,4.5,4.1,4.6,3.9,4.0,4.0,3.7,3.3,2.4,3.4,4.1,4.0,4.0,2.9,2.7,3.0,3.2
15-1251.00,Computer Programmers,4.7,3.8,3.8,4.3,4.7,4.4,3.6,4.0,3.3,4.5,3.0,3.3,3.1,3.9,3.4,4.2,3.7,3.0,3.2,3.2
15-1251.00,Computer Programmers,4.2,4.7,3.3,3.8,4.5,4.6,4.3,4.4,3.7,3.5,3.1,2.9,2.8,4.0,3.2,4.6,2.8,3.3,3.3,3.7
15-1251.00,Computer Programmers,4.0,4.1,4.1,3.3,4.8,4.6,3.9,3.9,3.7,4.4,3.2,3.0,2.7,3.3,3.2,4.0,3.0,3.2,3.8,3.2
15-1251.00,Computer Programmers,5.0,4.3,4.4,4.1,4.7,4.1,3.3,3.5,4.1,4.0,3.7,2.5,3.2,3.2,3.2,4.3,3.1,2.8,3.8,3.1
15-1251.00,Computer Programmers,4.4,4.8,3.1,4.4,5.0,4.1,3.4,3.9,4.2,4.4,3.5,3.1,2.2,4.2,3.7,4.6,3.8,3.2,3.2,3.4
15-1251.00,Computer Programmers,4.5,3.6,4.4,3.2,4.7,4.5,3.0,4.4,4.3,4.3,2.8,2.2,2.5,3.4,3.5,5.0,3.4,3.4,3.7,3.5
15-1251.00,Computer Programmers,4.9,4.2,4.3,3.4,4.1,4.9,3.9,4.4,4.4,3.6,3.3,2.6,2.9,4.2,3.3,4.6,3.6,2.6,3.8,3.6
15-1251.00,Computer Programmers,4.9,4.0,3.2,3.8,4.1,5.0,3.1,4.3,3.8,4.1,2.6,2.9,2.9,3.4,3.9,4.3,3.2,3.0,3.1,3.9
15-1251.00,Computer Programmers,4.4,3.6,3.6,3.9,4.5,4.7,3.1,3.8,4.2,3.6,3.8,2.1,3.3,3.5,3.6,4.2,2.6,2.7,3.1,3.3
15-1251.00,Computer Programmers,4.5,4.4,4.2,4.0,4.6,4.4,3.7,3.9,4.3,3.8,2.5,3.0,2.3,4.3,3.9,4.1,2.7,3.0,3.6,3.3
15-1251.00,Computer Programmers,4.7,4.4,3.5,3.0,4.8,4.2,4.3,3.9,3.9,4.8,3.8,2.6,2.3,4.2,3.4,4.2,3.9,2.7,3.0,3.0
15-1251.00,Computer Programmers,4.6,4.5,3.5,3.5,4.3,4.7,3.1,4.4,3.3,5.0,2.8,3.2,2.3,3.1,3.9,4.9,3.1,3.2,3.6,3.9
15-1251.00,Computer Programmers,4.3,4.3,3.7,3.5,4.9,4.2,3.2,4.1,4.0,3.8,3.1,3.4,2.4,4.0,3.7,4.4,3.9,3.2,3.5,3.6
15-1251.00,Computer Programmers,4.7,4.4,4.3,3.5,4.3,4.2,3.1,3.5,4.3,4.5,3.5,2.9,3.3,3.7,3.9,4.4,3.9,3.2,3.3,3.6
15-1252.00,Software Developers,4.5,3.7,3.9,3.5,4.1,4.9,4.0,4.4,4.0,4.0,3.3,3.0,3.4,3.4,3.9,4.9,3.5,3.4,3.4,4.0
15-1252.00,Software Developers,4.7,3.6,4.4,3.7,4.5,4.6,3.2,4.0,4.2,3.5,2.9,2.0,2.6,4.1,3.8,4.9,3.4,2.8,3.9,3.8
15-1252.00,Software Developers,4.6,4.5,4.4,4.1,4.4,4.7,3.1,3.9,3.6,3.8,2.5,2.2,3.0,4.2,4.0,4.3,3.4,3.4,3.2,3.7
15-1252.00,Software Developers,4.8,3.6,4.3,4.2,4.0,4.1,3.1,3.8,3.8,4.3,2.9,3.4,2.6,3.1,3.3,4.5,3.1,2.8,3.1,3.8
15-1252.00,Software Developers,5.0,4.0,3.6,3.9,4.7,4.4,4.4,4.1,3.7,4.5,3.9,3.2,2.1,3.5,3.5,4.3,3.6,3.3,3.7,4.0
15-1252.00,Software Developers,4.3,4.8,4.1,3.5,4.7,4.1,4.2,4.0,3.4,4.5,3.5,2.3,2.0,3.7,3.6,4.9,3.9,3.0,3.8,3.4
15-1252.00,Software Developers,4.7,3.8,3.6,4.0,4.0,4.7,4.3,3.9,3.7,4.8,3.7,2.4,2.5,4.0,3.6,4.2,3.0,3.4,3.7,4.0
15-1252.00,Software Developers,4.8,4.9,3.3,4.2,4.0,4.7,3.7,3.8,4.3,4.8,2.5,2.9,2.6,3.6,3.8,4.3,3.9,2.7,3.7,3.7
15-1252.00,Software Developers,4.3,4.0,4.3,4.1,4.3,4.5,3.1,3.7,3.7,3.6,3.8,3.1,3.4,4.0,3.9,4.6,3.4,3.5,3.6,3.0
15-1252.00,Software Developers,4.7,4.9,4.2,3.9,4.7,5.0,3.1,4.2,3.4,4.5,3.4,2.2,2.3,3.9,3.1,4.3,3.8,2.8,3.5,3.9
15-1252.00,Software Developers,4.2,4.1,3.9,4.1,4.9,4.9,4.2,3.7,3.0,4.1,2.7,3.1,3.0,3.1,3.8,4.2,3.1,3.2,3.4,3.4
15-1252.00,Software Developers,4.1,4.1,4.1,4.4,4.4,4.4,4.1,4.4,3.4,4.2,3.7,2.9,2.2,3.9,3.2,4.5,3.3,3.4,3.5,3.3
15-1252.00,Software Developers,4.2,4.8,3.3,3.6,4.2,4.8,3.7,3.9,3.5,4.8,3.3,3.1,3.3,4.4,3.3,5.0,2.5,2.9,3.9,3.3
15-1252.00,Software Developers,4.3,4.0,3.9,3.7,4.7,4.9,4.0,3.7,4.4,3.9,2.7,2.1,2.8,3.2,3.1,4.3,2.9,3.1,3.8,3.8
15-1252.00,Software Developers,4.3,3.9,4.4,3.0,4.9,4.2,4.4,3.8,3.7,4.6,3.4,2.5,2.8,4.1,3.0,4.0,3.2,2.6,3.7,3.2
15-1252.00,Software Developers,4.4,3.8,3.8,3.2,4.0,4.1,4.4,3.6,4.1,3.6,2.7,2.8,2.7,4.4,3.9,4.8,3.4,3.0,3.4,3.9
15-1252.00,Software Developers,4.6,4.4,3.3,3.1,4.9,4.3,3.7,3.6,4.3,3.5,3.8,2.2,3.3,4.1,3.2,4.6,3.0,2.7,3.9,3.4
15-1252.00,Software Developers,4.4,3.8,3.6,4.3,4.4,5.0,4.4,3.6,3.3,4.8,3.1,2.0,2.4,3.9,3.8,4.1,2.7,3.4,3.8,3.6
15-1252.00,Software Developers,4.8,4.1,4.1,3.6,4.2,4.7,3.6,4.5,3.5,4.9,3.9,2.4,3.2,3.6,3.9,4.5,3.6,3.0,3.2,3.2
15-1252.00,Software Developers,4.4,4.6,3.9,4.0,4.3,4.5,3.1,4.3,4.5,4.1,2.5,2.3,3.0,3.9,3.8,4.3,3.6,3.2,3.3,3.5
15-1252.00,Software Developers,4.1,4.2,4.3,3.6,4.8,4.6,3.3,4.1,3.8,4.1,2.7,2.6,2.1,3.1,3.4,4.3,3.9,2.9,3.8,3.5
15-1252.00,Software Developers,4.7,3.9,4.4,3.8,4.8,4.4,3.2,4.2,3.0,4.2,2.8,2.9,3.5,3.7,3.8,4.5,3.2,3.4,3.9,3.8
15-1252.00,Software Developers,4.3,4.3,3.3,3.7,4.5,4.8,4.3,3.9,3.0,4.8,2.8,2.9,2.0,3.6,4.0,4.1,3.1,2.8,3.9,3.9
15-1252.00,Software Developers,4.2,3.6,3.9,3.5,4.7,4.0,3.2,4.2,3.3,4.8,2.6,2.3,3.5,3.6,3.7,4.2,3.4,3.2,3.3,3.8
15-1252.00,Software Developers,4.6,4.1,3.8,3.9,4.2,4.4,3.5,3.9,4.1,4.2,3.9,2.4,2.6,4.2,3.5,4.5,2.6,2.9,3.3,4.0
15-1252.00,Software Developers,4.3,4.8,4.0,3.5,4.5,4.8,4.3,3.7,3.5,4.0,2.6,2.9,3.3,3.6,3.7,4.6,3.1,2.6,3.7,3.9
15-1252.00,Software Developers,4.7,3.5,3.3,3.1,4.6,4.8,3.2,4.3,3.8,4.5,4.0,2.1,3.4,3.2,3.4,4.9,3.9,3.0,3.6,3.7
15-1252.00,Software Developers,4.8,3.7,4.2,3.7,4.5,4.4,3.8,4.4,3.8,4.9,2.8,3.1,3.2,4.0,3.6,4.6,3.8,3.3,3.1,3.8
15-1252.00,Software Developers,4.4,3.9,4.3,3.6,4.8,4.3,3.0,4.0,3.2,4.6,2.9,2.7,2.1,3.4,3.8,4.2,3.5,3.4,3.7,3.8
15-1252.00,Software Developers,4.1,3.9,4.3,4.1,4.6,4.7,3.6,3.5,4.2,4.5,3.2,3.3,2.5,3.4,3.9,4.8,3.3,2.6,3.2,3.7
15-1252.00,Software Developers,4.4,4.8,4.4,4.2,4.4,4.8,3.5,3.7,3.1,4.1,3.9,2.4,2.3,4.5,3.0,4.8,3.0,2.5,3.9,3.1
15-1252.00,Software Developers,4.6,3.9,3.1,3.1,4.1,4.1,4.1,4.0,3.5,4.1,3.9,3.4,3.1,4.3,3.3,4.4,3.4,3.1,3.5,3.4
15-1252.00,Software Developers,5.0,4.7,3.7,4.1,4.3,4.1,3.5,3.9,3.0,4.7,3.0,2.9,2.1,3.3,3.9,4.6,3.9,3.5,3.4,3.3
15-1252.00,Software Developers,4.9,5.0,3.9,4.2,4.8,4.4,3.9,4.3,4.0,3.5,3.0,2.2,2.3,4.4,3.0,4.2,3.0,3.1,3.5,3.2
15-1252.00,Software Developers,4.2,3.9,3.8,3.4,4.9,4.5,3.1,4.2,3.5,4.5,2.9,2.9,3.2,4.4,3.3,4.3,3.2,3.4,3.9,3.1
15-1252.00,Software Developers,4.1,4.2,3.2,3.5,4.1,4.6,4.4,4.5,3.6,4.4,3.8,2.2,3.0,3.6,3.2,4.4,2.6,3.2,3.3,3.3
15-1252.00,Software Developers,4.1,4.8,3.7,3.9,4.6,4.4,3.3,4.2,3.2,3.7,3.6,2.3,2.5,3.7,3.4,4.7,3.4,3.1,3.7,3.3
15-1252.00,Software Developers,4.3,4.2,3.5,4.5,4.8,4.2,3.0,3.5,3.4,3.7,3.3,3.3,3.1,3.3,3.4,4.5,3.7,3.3,3.9,3.5
15-1252.00,Software Developers,4.7,3.7,3.8,3.4,4.4,4.6,3.4,3.6,3.0,3.5,2.5,2.2,2.4,3.3,4.0,4.3,2.7,3.0,3.9,3.7
15-1252.00,Software Developers,4.3,4.3,4.1,4.1,4.7,4.9,4.3,4.1,3.6,4.5,3.7,2.0,3.5,3.3,3.5,4.9,2.8,3.0,3.1,3.4
15-1252.00,Software Developers,4.2,4.0,3.6,4.5,5.0,4.1,4.1,3.6,3.0,3.7,3.9,3.4,2.3,3.2,3.2,4.5,3.4,2.7,3.8,3.3
15-1252.00,Software Developers,4.9,4.5,3.7,4.2,4.8,4.3,3.5,4.4,3.2,3.6,3.2,3.2,3.2,4.4,3.5,4.1,3.4,3.3,3.1,3.2
15-1252.00,Software Developers,4.0,4.4,4.3,4.0,5.0,4.1,4.4,4.3,3.5,5.0,2.9,3.3,3.3,4.1,3.6,4.1,3.3,2.9,3.8,3.8
15-1252.00,Software Developers,4.9,3.5,4.2,4.4,4.8,4.1,3.1,3.5,3.9,4.4,4.0,2.6,2.5,3.9,3.8,4.9,3.7,2.9,3.6,3.9
15-1252.00,Software Developers,4.5,3.8,3.3,3.0,4.7,4.1,3.4,3.8,3.8,4.1,3.5,2.1,2.2,3.7,3.3,4.3,2.6,3.4,3.7,3.1
15-1252.00,Software Developers,4.1,5.0,4.0,3.6,4.7,4.8,4.2,4.0,3.6,3.5,3.9,2.9,2.3,4.4,3.9,5.0,3.8,3.5,3.2,3.8
15-1252.00,Software Developers,4.8,3.8,3.1,4.5,4.3,4.9,3.0,3.5,3.7,3.9,3.5,2.8,2.1,3.2,3.4,4.2,3.7,2.9,3.1,3.5
15-1252.00,Software Developers,4.1,3.7,3.4,4.3,4.9,4.8,3.5,3.8,3.8,4.6,4.0,2.2,2.1,4.0,3.8,4.8,3.5,3.5,3.5,3.9
15-1252.00,Software Developers,5.0,4.8,3.5,3.3,4.5,4.5,4.3,3.6,3.4,4.6,2.6,2.5,2.6,3.9,3.2,4.9,3.2,3.4,3.5,3.3
15-1252.00,Software Developers,4.1,3.5,3.8,3.2,4.4,4.6,3.4,3.7,4.2,4.9,2.7,2.2,3.4,3.1,4.0,4.0,3.8,2.8,3.9,3.3
15-1253.00,Software Quality Assurance Analysts and Testers,4.7,3.6,3.4,4.2,4.5,4.9,3.6,4.4,3.7,5.0,3.9,2.5,3.3,4.3,3.2,4.6,2.6,3.3,3.2,3.1
15-1253.00,Software Quality Assurance Analysts and Testers,4.4,4.4,4.3,4.5,4.4,4.1,4.1,4.1,3.7,4.0,3.3,2.5,3.1,3.8,3.9,4.5,2.9,3.4,3.6,3.2
15-1253.00,Software Quality Assurance Analysts and Testers,4.6,4.0,4.3,3.7,4.7,4.1,3.6,4.5,4.2,3.7,2.9,2.5,3.0,4.1,3.7,4.5,3.7,2.9,3.1,3.6
15-1253.00,Software Quality Assurance Analysts and Testers,5.0,4.7,3.9,4.0,4.9,4.4,3.5,4.5,4.3,4.0,3.2,2.6,2.2,4.4,3.4,4.9,2.8,3.0,3.0,3.8
15-1253.00,Software Quality Assurance Analysts and Testers,4.6,4.4,3.1,3.3,4.1,4.3,3.9,4.1,3.9,4.3,2.9,2.4,2.2,4.3,3.6,4.2,2.8,3.4,3.7,3.7
15-1253.00,Software Quality Assurance Analysts and Testers,4.4,3.9,4.5,4.2,4.3,4.8,4.1,3.8,3.6,3.8,2.7,3.1,2.4,4.2,4.0,4.1,3.2,3.3,3.8,3.8
15-1253.00,Software Quality Assurance Analysts and Testers,4.3,4.2,3.9,4.5,4.3,4.9,3.4,4.5,4.0,4.2,3.4,2.4,2.4,3.2,3.1,4.3,3.6,3.1,3.1,3.9
15-1253.00,Software Quality Assurance Analysts and Testers,4.6,4.9,4.0,3.3,4.5,4.6,3.0,3.5,3.2,3.9,3.1,2.7,2.2,4.0,3.6,4.3,2.5,2.6,3.4,3.2
15-1253.00,Software Quality Assurance Analysts and Testers,4.4,4.4,3.8,3.3,4.3,4.6,4.3,4.3,3.8,4.0,3.0,3.3,2.1,4.5,3.7,4.7,2.6,3.1,3.5,3.1
15-1253.00,Software Quality Assurance Analysts and Testers,4.3,4.8,3.8,3.6,4.1,4.7,4.1,4.1,3.8,4.2,3.4,2.4,3.4,3.9,3.3,4.4,3.7,2.7,3.3,3.7
15-1253.00,Software Quality Assurance Analysts and Testers,4.3,4.7,3.2,4.1,4.1,4.0,4.3,4.1,3.5,3.8,3.4,2.8,3.5,4.5,3.6,4.4,3.2,3.2,3.1,3.3
15-1253.00,Software Quality Assurance Analysts and Testers,4.1,3.6,3.3,3.7,4.8,4.5,3.5,3.6,3.8,3.9,3.4,3.5,2.2,3.3,3.5,5.0,3.7,3.4,3.3,4.0
15-1253.00,Software Quality Assurance Analysts and Testers,4.1,3.6,4.3,4.4,4.1,4.1,3.0,3.6,3.3,5.0,3.5,3.2,3.2,3.8,3.8,4.6,3.0,3.1,3.5,3.8
15-1253.00,Software Quality Assurance Analysts and Testers,5.0,4.1,4.1,3.1,4.8,4.4,3.1,3.9,3.9,3.7,3.9,2.1,3.4,4.1,3.3,4.4,3.6,3.1,3.7,3.4
15-1253.00,Software Quality Assurance Analysts and Testers,4.5,5.0,3.3,3.6,4.3,4.8,4.1,3.8,3.1,3.5,3.1,2.6,3.5,3.7,3.3,4.9,3.2,3.1,3.1,3.4
15-1253.00,Software Quality Assurance Analysts and Testers,4.9,4.4,3.5,3.9,4.9,4.3,3.8,4.5,3.3,4.6,3.4,3.0,2.5,3.5,3.7,4.2,3.1,2.7,3.0,4.0
15-1253.00,Software Quality Assurance Analysts and Testers,4.4,5.0,3.2,3.9,4.2,4.8,4.2,3.6,4.4,3.8,3.4,3.5,3.3,4.4,3.3,4.1,2.8,3.0,3.8,3.2
15-1253.00,Software Quality Assurance Analysts and Testers,4.7,4.0,3.5,4.0,4.5,4.8,3.2,4.3,3.1,3.8,3.5,3.3,2.4,3.5,3.5,4.2,3.7,3.3,3.1,3.5
15-1253.00,Software Quality Assurance Analysts and Testers,4.8,4.0,3.9,3.1,4.6,4.2,4.2,3.9,3.4,4.8,2.6,2.6,2.6,3.4,3.9,4.8,2.6,3.2,3.5,3.9
15-1253.00,Software Quality Assurance Analysts and Testers,4.3,4.4,3.8,3.7,4.5,4.2,4.1,4.0,4.4,3.9,3.5,3.4,3.0,4.3,3.8,4.4,3.4,2.7,3.5,3.2
15-1253.00,Software Quality Assurance Analysts and Testers,4.7,4.3,3.6,3.4,5.0,4.1,3.1,3.7,4.5,5.0,3.5,3.3,2.3,4.5,3.1,4.1,2.7,3.1,3.8,3.4
15-1253.00,Software Quality Assurance Analysts and Testers,5.0,4.2,3.2,3.7,4.7,4.8,3.7,4.1,3.4,4.5,4.0,2.1,3.3,3.8,3.3,5.0,3.2,2.8,3.2,3.2
15-1253.00,Software Quality Assurance Analysts and Testers,4.8,4.4,4.4,3.3,4.1,4.0,3.8,4.5,4.0,4.0,3.8,3.2,2.0,4.2,3.3,4.1,2.8,3.0,3.4,3.3
15-1253.00,Software Quality Assurance Analysts and Testers,4.2,4.6,4.5,4.2,4.3,4.2,3.3,3.6,3.8,4.4,3.6,3.0,2.4,3.5,3.7,4.3,2.8,2.9,3.3,3.1
15-1253.00,Software Quality Assurance Analysts and Testers,4.8,4.8,3.3,3.1,4.7,4.2,3.6,3.6,3.3,4.7,3.7,2.3,2.5,3.2,3.1,5.0,3.5,3.0,3.8,3.8
15-1253.00,Software Quality Assurance Analysts and Testers,4.8,3.5,3.3,4.0,4.4,5.0,4.0,4.5,3.3,4.8,3.0,3.5,2.2,3.8,3.8,4.4,3.2,3.5,3.4,3.6
15-1253.00,Software Quality Assurance Analysts and Testers,4.1,4.8,4.0,3.6,4.0,4.6,3.0,3.5,3.9,3.8,2.8,3.0,2.1,3.5,3.1,4.6,3.5,3.2,3.3,3.1
15-1253.00,Software Quality Assurance Analysts and Testers,4.1,4.1,4.4,3.3,4.3,4.1,3.9,4.2,4.0,4.8,3.2,2.2,2.4,4.0,3.6,4.5,3.5,3.1,3.9,3.6
15-1253.00,Software Quality Assurance Analysts and Testers,4.8,3.9,4.0,4.4,4.4,4.8,4.1,3.6,3.9,3.7,4.0,3.2,2.2,3.2,3.6,4.3,2.6,3.0,3.4,3.1
15-1253.00,Software Quality Assurance Analysts and Testers,4.8,4.9,4.1,4.2,4.2,4.3,3.3,4.3,4.4,4.6,3.8,3.0,2.6,3.6,3.1,4.0,3.5,2.9,3.6,3.6
15-1253.00,Software Quality Assurance Analysts and Testers,4.3,4.2,3.7,3.6,4.8,4.5,3.9,4.4,4.3,4.8,2.9,2.1,2.4,3.4,3.9,4.6,2.6,2.6,3.2,3.6
15-1253.00,Software Quality Assurance Analysts and Testers,4.7,4.8,4.4,3.3,4.3,4.2,3.5,4.4,3.9,4.6,3.2,2.0,2.1,3.8,3.7,4.2,3.6,3.3,3.4,3.7
15-1253.00,Software Quality Assurance Analysts and Testers,4.4,4.5,4.1,4.5,4.3,4.4,3.2,3.7,4.0,4.9,3.1,2.3,2.4,3.7,3.3,4.2,3.6,2.5,3.5,3.8
15-1253.00,Software Quality Assurance Analysts and Testers,4.3,4.4,4.0,4.0,4.4,4.3,4.3,4.3,3.5,3.7,2.6,2.1,2.9,3.1,3.3,4.8,2.9,3.3,3.7,3.2
15-1253.00,Software Quality Assurance Analysts and Testers,4.7,4.6,3.6,3.3,4.5,4.9,4.0,3.7,4.0,4.1,3.4,3.1,2.8,4.2,3.7,4.6,2.7,3.3,3.9,3.1
15-1253.00,Software Quality Assurance Analysts and Testers,4.5,3.9,4.1,4.1,4.1,4.9,3.3,4.3,3.7,4.0,2.7,2.3,3.0,3.8,3.1,4.1,2.6,3.2,3.7,3.1
15-1253.00,Software Quality Assurance Analysts and Testers,4.6,3.6,4.4,4.4,4.7,4.9,4.2,4.3,3.9,4.0,2.8,2.5,2.9,3.3,3.3,4.5,2.8,3.1,3.9,3.7
15-1253.00,Software Quality Assurance Analysts and Testers,4.7,4.4,3.7,3.3,4.9,4.2,3.1,4.3,3.3,4.1,2.5,2.2,2.3,3.1,3.7,4.8,3.1,3.4,3.2,3.3
15-1253.00,Software Quality Assurance Analysts and Testers,4.2,4.4,3.6,3.9,4.8,4.5,3.9,4.4,3.4,4.0,3.6,2.9,2.3,3.6,3.5,4.4,2.8,3.4,3.8,3.5
15-1253.00,Software Quality Assurance Analysts and Testers,4.7,4.8,3.2,3.4,4.5,4.8,3.1,4.5,3.7,4.0,2.9,2.3,3.2,4.4,3.4,5.0,3.7,3.0,3.7,3.4
15-1253.00,Software Quality Assurance Analysts and Testers,4.6,3.6,4.0,3.1,4.8,4.8,3.4,3.8,3.7,4.4,2.9,2.9,2.4,3.1,3.0,4.1,3.7,3.5,3.4,3.5
15-1253.00,Software Quality Assurance Analysts and Testers,4.1,4.3,3.2,3.9,4.9,4.2,4.1,3.5,3.6,3.7,3.0,2.3,2.6,3.6,3.3,4.7,3.9,2.9,3.2,3.3
15-1253.00,Software Quality Assurance Analysts and Testers,4.9,4.4,3.7,3.2,4.4,4.3,4.4,4.4,3.1,4.3,2.8,2.6,3.3,3.8,3.3,4.2,3.7,3.1,3.5,3.2
15-1253.00,Software Quality Assurance Analysts and Testers,4.3,4.9,3.8,3.6,4.5,4.8,3.5,3.7,3.9,4.5,3.6,3.3,2.6,3.1,4.0,4.4,3.4,3.2,3.5,3.2
15-1253.00,Software Quality Assurance Analysts and Testers,4.8,4.7,3.8,3.7,4.1,4.1,3.5,3.8,4.4,4.7,3.5,2.8,2.3,4.5,3.4,4.1,3.2,3.4,3.9,3.0
15-1253.00,Software Quality Assurance Analysts and Testers,4.9,3.9,3.1,4.3,4.9,4.6,3.9,4.3,4.2,4.8,3.3,3.5,3.5,3.2,3.8,4.5,3.1,3.1,3.1,3.5
15-1253.00,Software Quality Assurance Analysts and Testers,4.9,3.8,3.6,4.4,4.4,4.4,3.7,4.0,3.9,4.7,3.2,3.2,2.8,3.5,3.7,4.7,3.3,2.6,3.2,3.3
15-1253.00,Software Quality Assurance Analysts and Testers,4.3,4.5,3.0,4.1,4.3,4.3,3.8,3.7,4.3,3.6,3.2,3.3,2.9,3.4,3.4,4.7,4.0,3.4,3.3,4.0
15-1253.00,Software Quality Assurance Analysts and Testers,4.0,3.5,4.2,3.3,4.1,4.2,3.6,4.2,3.9,3.9,3.3,3.4,3.2,3.5,4.0,4.7,2.6,2.5,3.2,3.7
15-1253.00,Software Quality Assurance Analysts and Testers,4.2,4.3,3.1,4.4,4.3,4.9,4.4,3.5,3.7,3.5,3.9,2.8,2.1,3.2,3.4,4.9,3.5,3.4,3.4,3.0
15-1254.00,Web Developers,4.5,2.5,4.4,2.1,3.0,4.2,4.5,5.0,2.7,4.6,2.8,3.0,3.6,3.7,3.5,4.1,4.8,3.5,3.4,4.0
15-1254.00,Web Developers,3.9,3.8,4.4,2.5,3.5,3.5,3.5,4.2,2.7,4.6,2.5,2.5,3.1,3.6,2.5,4.2,4.5,3.4,3.6,3.8
15-1254.00,Web Developers,3.6,3.5,4.4,2.8,3.4,4.1,3.7,4.6,3.5,4.8,3.4,2.6,4.0,4.1,2.5,4.1,4.3,3.0,3.8,3.3
15-1254.00,Web Developers,4.2,2.9,3.3,3.0,3.4,4.1,4.1,4.6,3.4,4.8,2.6,3.3,2.8,4.0,3.5,4.1,4.8,3.7,3.8,3.9
15-1254.00,Web Developers,3.4,2.8,3.7,2.6,3.2,3.5,3.8,5.0,3.2,4.7,2.3,2.5,2.8,3.6,3.4,4.5,4.2,3.1,3.3,3.5
15-1254.00,Web Developers,3.3,3.0,3.3,2.7,3.7,4.1,3.9,4.9,3.5,4.6,2.3,2.8,2.6,3.9,3.1,4.0,4.3,3.5,4.0,3.2
15-1254.00,Web Developers,4.0,2.6,3.1,2.3,3.1,3.5,3.7,4.6,3.2,4.6,3.0,2.3,3.4,3.9,3.2,4.5,4.9,3.0,3.9,3.1
15-1254.00,Web Developers,4.4,2.9,3.6,1.6,3.1,4.2,4.4,4.6,3.2,4.9,2.4,2.1,2.5,3.9,2.7,3.6,4.2,3.1,3.9,3.1
15-1254.00,Web Developers,3.8,3.4,3.8,1.6,3.3,3.6,3.9,4.2,3.1,4.8,2.8,2.7,3.1,4.3,2.7,4.2,4.8,3.4,3.3,3.5
15-1254.00,Web Developers,3.1,2.6,3.2,1.8,3.5,4.3,3.7,4.9,3.5,5.0,3.3,2.5,2.6,4.1,3.1,4.3,5.0,3.5,3.3,3.2
15-1254.00,Web Developers,3.0,3.3,3.8,2.7,3.5,4.4,4.1,4.8,2.6,4.9,3.0,2.3,2.8,4.4,2.5,4.0,4.3,3.7,3.8,3.4
15-1254.00,Web Developers,3.6,4.0,4.2,2.8,3.4,3.7,3.9,4.7,2.6,4.6,2.1,2.6,3.7,3.5,3.2,4.4,4.2,3.7,4.0,4.0
15-1254.00,Web Developers,3.4,2.7,3.2,2.6,3.7,4.2,3.8,4.2,3.1,4.7,3.1,2.7,3.0,3.8,2.7,3.8,4.1,3.3,3.0,3.2
15-1254.00,Web Developers,4.1,3.0,4.0,2.6,3.6,4.5,3.5,4.7,3.5,4.9,2.3,2.5,2.8,4.1,3.2,3.8,4.5,3.7,3.4,3.9
15-1254.00,Web Developers,4.2,2.6,3.9,1.9,3.6,4.5,4.4,4.4,2.8,4.6,2.8,2.2,3.3,3.5,2.8,3.7,5.0,3.7,3.3,3.1
15-1254.00,Web Developers,3.8,2.8,3.8,2.8,3.6,4.1,4.0,4.9,3.4,4.8,2.5,2.7,2.8,4.1,3.0,3.6,4.2,3.5,3.9,3.6
15-1254.00,Web Developers,4.0,3.0,3.9,2.2,3.7,3.6,4.0,4.3,2.8,5.0,2.3,2.5,3.3,4.4,2.9,4.2,4.9,3.3,3.4,3.4
15-1254.00,Web Developers,4.2,2.6,3.5,2.5,3.6,3.9,4.0,4.2,2.9,4.8,3.4,2.4,3.8,4.1,2.5,4.2,4.0,4.0,3.9,3.3
15-1254.00,Web Developers,3.4,3.1,3.5,2.1,3.3,4.1,3.7,4.8,3.3,4.7,3.3,2.4,2.5,4.1,3.0,4.1,4.9,4.0,3.6,3.8
15-1254.00,Web Developers,3.1,2.7,4.1,2.1,3.4,3.8,4.1,4.2,3.1,4.6,2.1,2.5,2.8,4.4,2.6,3.7,4.5,3.5,3.0,3.0
15-1254.00,Web Developers,4.5,3.5,3.5,2.2,3.3,3.8,4.1,4.9,2.7,4.9,2.2,2.3,2.6,3.6,3.4,4.0,4.1,4.0,3.9,3.8
15-1254.00,Web Developers,4.4,2.8,4.3,2.5,3.9,4.3,3.8,4.8,2.8,4.7,2.2,3.4,2.9,4.0,2.9,4.5,4.3,3.8,3.9,3.4
15-1254.00,Web Developers,3.6,3.6,4.4,2.6,3.2,4.4,3.9,4.6,3.3,4.6,3.2,2.9,3.8,3.7,2.9,4.3,4.0,3.1,4.0,3.3
15-1254.00,Web Developers,4.5,2.8,3.5,2.6,3.7,4.1,4.0,4.8,2.7,4.7,2.2,2.9,2.9,3.8,3.0,3.5,4.1,3.7,3.4,3.9
15-1254.00,Web Developers,4.0,2.5,3.9,1.6,3.8,4.5,4.0,4.7,2.7,4.7,3.3,2.3,2.9,3.9,3.2,3.9,4.9,3.1,3.4,3.7
15-1254.00,Web Developers,3.3,3.5,3.2,1.6,3.1,4.4,4.1,4.8,2.8,4.8,2.7,3.4,3.6,4.2,2.5,4.0,4.5,3.9,3.3,3.3
15-1254.00,Web Developers,3.6,2.9,3.2,2.8,3.6,4.4,4.3,4.3,3.0,4.5,3.4,2.6,3.1,3.8,3.0,3.8,4.4,3.8,3.8,3.3
15-1254.00,Web Developers,3.7,3.8,3.1,2.8,3.2,4.2,4.1,4.6,3.4,4.6,2.5,2.8,3.7,3.7,3.3,3.9,4.2,3.8,3.1,3.5
15-1254.00,Web Developers,3.1,3.0,3.9,2.3,3.4,3.9,3.7,4.5,3.5,4.9,2.2,2.0,3.9,4.0,3.0,4.3,4.3,3.5,4.0,3.7
15-1254.00,Web Developers,3.2,2.7,3.3,2.7,3.3,3.5,4.4,4.2,2.5,4.6,2.4,2.6,3.9,4.4,3.0,3.9,4.6,3.2,3.1,3.9
15-1254.00,Web Developers,3.3,2.8,3.7,2.2,3.0,3.6,3.9,4.7,2.7,4.7,2.8,3.3,3.0,3.6,3.0,4.2,4.1,3.4,3.0,3.0
15-1254.00,Web Developers,3.7,2.9,4.3,2.4,3.5,3.9,4.0,4.0,3.4,5.0,2.3,2.2,2.7,4.2,3.2,4.3,4.8,3.4,3.6,3.7
15-1254.00,Web Developers,3.8,3.2,4.0,2.3,3.6,4.1,4.2,4.6,3.0,4.8,2.7,2.4,2.5,4.1,3.1,4.5,4.4,3.4,3.2,3.1
15-1254.00,Web Developers,4.2,2.9,3.9,2.5,3.5,4.4,3.9,4.3,3.4,4.9,2.2,2.0,2.6,3.8,3.5,4.1,4.4,3.9,3.5,3.3
15-1254.00,Web Developers,4.4,3.8,4.3,2.3,3.8,3.7,4.1,5.0,2.8,4.9,2.7,2.1,3.6,3.7,3.1,3.6,4.9,3.3,3.2,3.1
15-1254.00,Web Developers,4.4,3.6,4.1,2.2,3.5,3.6,4.1,4.2,3.5,4.9,2.6,2.2,3.7,3.6,2.7,3.7,4.6,3.8,3.3,3.1
15-1254.00,Web Developers,3.7,3.6,3.3,1.8,3.9,4.5,4.5,4.8,2.7,4.6,2.5,2.5,3.9,4.3,3.2,3.7,4.9,3.8,3.2,3.9
15-1254.00,Web Developers,3.4,2.6,4.0,2.5,3.1,3.8,4.5,4.7,3.2,4.6,2.1,2.4,2.9,3.7,2.7,4.1,4.3,3.8,3.2,3.5
15-1254.00,Web Developers,3.0,3.2,3.1,3.0,3.8,4.0,3.6,4.6,3.3,4.6,2.9,3.2,3.7,4.3,3.4,4.4,4.4,3.6,3.8,3.7
15-1254.00,Web Developers,4.5,2.5,3.5,1.9,3.3,3.7,4.2,4.1,3.2,4.8,2.4,2.4,3.4,4.3,3.4,4.4,5.0,3.6,3.9,3.8
15-1254.00,Web Developers,4.3,2.5,4.4,2.2,3.8,3.6,3.9,4.3,2.8,4.6,3.2,2.0,3.0,3.7,3.1,3.8,4.3,3.5,3.7,3.1
15-1254.00,Web Developers,3.3,2.9,4.5,2.1,3.6,3.7,4.0,4.1,2.5,4.7,2.6,2.2,3.5,4.5,2.9,4.1,5.0,3.8,3.5,3.7
15-1254.00,Web Developers,3.2,3.3,3.4,1.7,3.4,3.6,4.2,4.5,3.0,4.6,2.2,2.9,4.0,3.6,2.8,4.4,4.1,3.9,3.5,3.4
15-1254.00,Web Developers,3.5,2.9,3.5,2.8,3.7,4.2,4.3,4.3,3.1,4.7,3.2,2.5,3.5,4.4,2.9,3.6,4.5,3.3,3.7,4.0
15-1254.00,Web Developers,3.7,3.2,4.0,1.7,3.3,4.4,4.2,4.0,2.7,4.8,3.1,3.3,2.9,4.4,3.1,4.2,4.6,3.1,4.0,3.1
15-1254.00,Web Developers,3.4,3.7,3.9,2.8,3.5,3.9,4.4,4.0,3.4,4.6,3.3,2.2,3.4,4.4,3.0,4.2,4.8,3.7,3.9,3.4
15-1254.00,Web Developers,3.3,2.6,3.4,1.7,3.6,3.7,3.5,4.0,3.3,4.8,2.5,3.3,2.6,4.5,3.1,3.7,4.7,3.8,3.4,3.9
15-1254.00,Web Developers,3.2,2.9,3.1,1.8,3.2,4.4,3.6,4.4,3.0,4.9,3.5,3.1,4.0,4.3,3.5,4.2,4.1,3.4,3.6,3.4
15-1254.00,Web Developers,3.4,3.4,4.4,1.6,3.8,4.2,4.5,4.9,3.3,4.8,2.3,2.8,3.6,4.4,3.3,3.7,4.6,3.3,3.0,3.2
15-1254.00,Web Developers,3.2,3.8,3.4,1.9,4.0,3.9,3.5,4.3,2.6,4.6,2.1,2.9,2.8,3.9,3.4,3.9,4.9,3.5,3.4,3.8
15-1299.00,"Computer Occupations, All Other",4.1,3.6,4.0,3.7,4.8,4.9,3.6,4.1,3.8,5.0,3.7,3.4,2.4,4.2,3.3,4.2,3.9,2.5,4.0,3.1
15-1299.00,"Computer Occupations, All Other",4.8,3.9,3.5,3.3,4.6,4.3,4.0,3.5,3.1,3.6,3.1,3.2,3.3,3.4,3.6,4.8,2.9,2.9,3.5,3.1
15-1299.00,"Computer Occupations, All Other",4.0,3.7,3.9,3.1,4.2,4.3,3.1,3.7,4.4,3.5,3.5,2.6,3.0,3.9,3.2,4.8,3.2,3.3,3.4,4.0
15-1299.00,"Computer Occupations, All Other",4.8,4.9,3.8,3.7,4.8,4.9,4.4,3.8,4.2,3.8,3.3,2.3,2.5,4.4,3.1,4.6,3.4,2.6,3.3,3.6
15-1299.00,"Computer Occupations, All Other",4.2,4.7,4.5,3.3,4.2,4.5,4.1,3.8,3.0,4.3,3.9,2.6,2.6,4.5,3.7,4.7,3.3,3.5,3.7,3.9
15-1299.00,"Computer Occupations, All Other",4.7,4.6,3.4,3.5,4.8,4.3,3.8,3.7,4.2,3.7,3.7,2.9,2.3,3.8,3.3,4.3,3.0,2.6,4.0,3.0
15-1299.00,"Computer Occupations, All Other",4.7,4.1,4.0,3.5,4.7,4.7,4.0,3.6,4.0,3.9,2.5,2.6,2.7,3.7,3.7,4.3,3.0,2.6,3.7,3.6
15-1299.00,"Computer Occupations, All Other",4.3,4.6,3.8,3.7,4.5,4.6,4.0,3.8,3.2,3.7,3.5,3.3,2.6,3.3,3.8,4.8,3.8,3.1,3.9,3.0
15-1299.00,"Computer Occupations, All Other",4.1,3.6,4.1,3.1,4.5,4.5,3.5,4.4,3.3,4.0,3.7,2.0,3.0,4.2,3.9,4.9,3.0,3.1,3.1,3.3
15-1299.00,"Computer Occupations, All Other",4.1,4.0,4.3,3.5,4.6,4.4,3.7,4.5,3.4,4.4,3.1,2.1,2.7,4.2,3.1,4.1,2.7,3.3,3.7,3.6
15-1299.00,"Computer Occupations, All Other",4.5,4.8,4.2,4.2,4.8,4.6,3.7,4.4,4.4,3.5,2.6,3.4,2.4,4.3,3.4,4.1,2.6,2.7,3.2,3.5
15-1299.00,"Computer Occupations, All Other",4.7,5.0,3.7,3.8,4.5,4.5,3.8,3.5,3.0,3.6,2.7,3.1,2.3,4.3,3.9,5.0,3.9,2.8,3.5,3.2
15-1299.00,"Computer Occupations, All Other",4.8,4.8,4.3,3.7,4.8,4.1,3.1,4.3,3.6,5.0,2.6,3.3,2.7,4.2,3.8,4.9,2.9,3.4,3.2,3.1
15-1299.00,"Computer Occupations, All Other",4.4,4.7,3.7,4.2,4.7,4.2,4.4,3.6,4.3,4.0,3.3,2.6,2.3,3.5,3.2,4.2,2.8,3.0,3.8,3.6
15-1299.00,"Computer Occupations, All Other",4.9,4.5,4.0,4.0,4.4,4.7,3.1,4.4,4.2,3.9,3.7,2.0,2.3,3.1,3.8,4.8,3.7,2.5,3.5,3.7
15-1299.00,"Computer Occupations, All Other",4.2,4.5,3.1,3.3,4.5,4.7,3.2,3.7,3.3,3.9,2.8,2.6,3.0,3.7,3.8,4.7,2.7,2.5,3.9,3.1
15-1299.00,"Computer Occupations, All Other",4.1,3.5,3.9,3.9,5.0,4.9,3.6,3.9,3.4,3.7,2.7,2.2,2.2,3.4,3.3,5.0,3.4,3.5,3.4,3.5
15-1299.00,"Computer Occupations, All Other",4.3,3.8,3.2,4.4,5.0,4.0,3.2,3.9,3.3,4.0,2.7,2.7,2.4,3.5,3.1,4.4,4.0,2.8,3.9,3.8
15-1299.00,"Computer Occupations, All Other",5.0,4.7,4.0,4.3,4.1,4.5,4.5,4.3,4.4,4.7,3.8,3.1,3.1,3.8,3.9,4.8,3.8,3.2,3.3,3.0
15-1299.00,"Computer Occupations, All Other",4.9,4.4,3.4,3.2,4.8,4.8,4.2,4.1,3.5,4.0,2.5,3.3,2.1,3.9,3.5,4.5,3.9,2.5,3.8,3.1
15-1299.00,"Computer Occupations, All Other",4.0,4.1,3.1,4.2,4.5,4.0,3.1,4.1,4.2,4.2,3.3,3.2,2.9,3.3,3.6,4.6,3.6,3.1,4.0,3.2
15-1299.00,"Computer Occupations, All Other",5.0,4.3,4.0,3.1,4.4,4.8,4.1,3.5,3.8,3.6,4.0,3.3,2.0,4.3,3.9,4.4,3.6,2.9,3.7,3.3
15-1299.00,"Computer Occupations, All Other",4.3,4.1,3.2,4.2,4.3,4.4,4.3,4.0,3.8,4.9,3.8,2.3,2.7,4.5,3.4,4.4,2.8,2.6,3.7,3.8
15-1299.00,"Computer Occupations, All Other",5.0,4.7,3.4,3.1,5.0,4.3,3.5,4.4,3.9,3.8,3.8,3.5,2.1,4.3,3.4,4.5,3.9,3.5,3.3,3.2
15-1299.00,"Computer Occupations, All Other",4.1,4.3,3.0,3.6,4.1,4.4,3.1,4.3,3.3,4.0,3.8,3.1,2.3,3.1,3.7,4.4,3.6,2.9,3.3,3.5
15-1299.00,"Computer Occupations, All Other",4.7,4.9,3.1,3.8,4.0,4.5,4.3,3.9,4.4,4.4,3.9,3.1,2.2,3.3,3.4,4.2,3.2,3.0,4.0,3.4
15-1299.00,"Computer Occupations, All Other",4.8,4.9,4.3,3.3,4.5,4.3,3.6,3.9,4.2,4.2,3.3,3.5,2.1,3.7,3.8,4.2,3.4,2.7,3.9,3.3
15-1299.00,"Computer Occupations, All Other",4.3,4.4,3.3,3.4,4.4,4.4,3.8,4.1,3.9,4.5,3.0,2.2,3.1,4.3,3.3,4.4,3.2,3.0,3.7,3.0
15-1299.00,"Computer Occupations, All Other",4.7,3.6,3.7,4.2,4.5,4.1,4.5,4.4,4.2,4.1,2.8,3.4,2.8,4.3,3.3,4.3,4.0,3.0,3.1,3.2
15-1299.00,"Computer Occupations, All Other",4.5,3.6,3.7,3.6,4.8,4.4,4.5,3.7,3.9,3.6,3.6,3.5,3.2,3.8,3.5,4.8,3.9,3.5,3.4,4.0
15-1299.00,"Computer Occupations, All Other",4.2,3.9,3.1,3.4,4.8,4.9,4.2,4.1,3.8,4.6,3.1,3.3,3.0,4.0,3.5,4.9,2.9,2.9,3.8,3.5
15-1299.00,"Computer Occupations, All Other",4.9,4.0,3.6,4.3,4.5,4.5,3.5,3.8,4.0,3.7,3.8,3.2,2.3,4.0,3.6,4.2,2.9,2.9,3.7,3.6
15-1299.00,"Computer Occupations, All Other",4.5,4.7,4.1,3.9,4.8,4.3,4.3,4.1,4.2,4.3,2.8,2.8,2.6,4.0,3.5,4.8,3.5,3.2,3.2,4.0
15-1299.00,"Computer Occupations, All Other",4.8,4.7,3.5,3.8,4.1,4.5,3.2,4.1,4.0,4.1,3.2,3.3,2.2,4.2,3.2,4.0,2.8,3.3,3.4,3.9
15-1299.00,"Computer Occupations, All Other",4.5,3.5,4.1,3.2,4.8,4.2,3.5,4.3,4.4,4.1,3.7,2.3,3.2,4.0,3.2,4.3,2.7,2.9,3.2,3.6
15-1299.00,"Computer Occupations, All Other",5.0,3.5,3.8,3.9,4.9,4.5,3.8,4.0,3.4,3.6,3.1,2.1,2.8,3.5,3.5,4.1,3.9,3.4,3.2,3.3
15-1299.00,"Computer Occupations, All Other",4.6,3.6,3.5,3.4,4.9,4.9,3.9,4.0,4.4,4.9,4.0,2.2,2.2,4.0,3.5,4.0,2.6,3.4,3.9,3.4
15-1299.00,"Computer Occupations, All Other",4.9,4.4,4.2,3.6,4.1,4.4,3.7,4.1,3.2,5.0,2.9,2.3,2.8,3.8,3.4,4.8,3.3,3.1,3.7,3.0
15-1299.00,"Computer Occupations, All Other",4.6,4.8,3.0,3.6,4.9,4.4,3.7,4.5,3.3,3.6,3.8,3.3,2.7,3.8,3.8,4.7,2.9,2.5,3.5,3.9
15-1299.00,"Computer Occupations, All Other",4.9,4.9,4.3,3.9,4.4,4.8,4.1,4.0,3.1,4.9,3.2,2.5,2.9,4.0,3.2,4.8,2.9,2.7,3.4,3.7
15-1299.00,"Computer Occupations, All Other",5.0,4.7,4.4,3.2,4.1,4.6,3.4,4.3,4.0,5.0,2.9,2.7,2.8,3.4,3.6,4.4,3.2,2.9,3.0,3.5
15-1299.00,"Computer Occupations, All Other",4.3,3.5,3.5,3.4,4.4,4.1,3.8,4.2,3.9,4.7,3.2,2.8,3.2,3.6,3.7,4.4,3.1,3.3,3.2,3.3
15-1299.00,"Computer Occupations, All Other",4.2,4.0,3.3,3.9,4.8,4.8,3.5,4.5,3.9,4.1,3.8,3.1,3.1,3.3,3.5,4.9,3.3,3.2,3.6,3.8
15-1299.00,"Computer Occupations, All Other",4.3,4.4,3.2,4.0,4.7,4.0,4.0,3.9,3.2,4.1,2.8,2.6,2.6,4.1,3.8,4.6,2.5,3.4,3.7,3.0
15-1299.00,"Computer Occupations, All Other",4.8,3.8,3.9,3.7,4.4,4.9,3.7,3.6,4.4,4.9,3.5,2.7,2.1,4.2,3.1,4.1,3.3,2.7,3.0,3.4
15-1299.00,"Computer Occupations, All Other",4.1,3.7,3.1,3.3,4.7,4.8,3.7,4.0,3.0,3.6,2.9,2.8,3.1,3.9,3.4,4.1,3.7,2.9,3.7,3.5
15-1299.00,"Computer Occupations, All Other",4.7,4.9,4.4,3.8,4.5,4.3,4.4,4.0,3.2,4.1,2.7,2.8,2.8,3.5,3.1,4.9,3.7,3.3,3.4,3.8
15-1299.00,"Computer Occupations, All Other",4.5,3.8,3.2,3.5,4.1,5.0,3.1,3.9,3.7,4.0,3.4,2.2,3.2,3.5,3.6,4.7,3.8,3.3,3.6,3.4
15-1299.00,"Computer Occupations, All Other",4.5,4.7,4.3,3.2,4.4,4.8,3.6,3.8,3.6,4.4,4.0,2.7,2.3,3.2,3.0,4.6,3.3,2.7,3.7,3.7
15-1299.00,"Computer Occupations, All Other",4.3,4.0,4.5,3.6,4.8,4.5,4.2,4.3,4.0,4.8,3.9,2.9,2.4,3.6,3.8,4.7,2.8,2.6,3.7,3.3
15-1299.05,Information Security Engineers,4.5,4.6,3.8,3.1,4.2,4.2,3.4,4.1,3.8,3.8,2.6,2.3,3.5,3.7,3.9,4.8,3.3,3.2,3.2,3.7
15-1299.05,Information Security Engineers,4.3,4.7,3.1,4.2,4.1,4.9,3.5,4.2,3.7,4.0,3.5,3.4,2.1,4.4,3.6,4.8,3.1,3.0,3.9,3.4
15-1299.05,Information Security Engineers,4.5,3.5,3.2,4.0,4.7,4.6,3.2,3.9,3.5,4.2,3.8,3.2,2.1,4.3,3.5,4.7,2.7,3.2,3.2,3.4
15-1299.05,Information Security Engineers,4.0,3.7,3.1,3.4,4.1,4.7,3.0,4.1,3.2,4.9,3.9,2.3,2.9,3.0,3.9,4.5,2.6,2.8,3.1,3.4
15-1299.05,Information Security Engineers,4.7,4.2,3.6,3.2,4.2,4.1,4.2,3.6,3.9,4.0,2.8,3.0,2.7,3.6,3.6,4.5,3.0,3.1,3.7,3.0
15-1299.05,Information Security Engineers,4.5,3.6,3.3,3.8,4.9,4.9,3.1,3.9,3.9,3.7,3.6,3.1,3.4,3.0,3.2,4.8,3.5,3.4,3.1,3.6
15-1299.05,Information Security Engineers,4.6,3.6,3.8,3.9,4.2,4.3,4.0,4.0,4.3,4.0,2.9,3.5,3.4,3.0,3.8,4.1,2.5,2.8,3.3,3.8
15-1299.05,Information Security Engineers,4.7,5.0,4.1,3.6,4.7,5.0,4.1,4.3,4.4,3.7,3.6,3.3,3.4,3.3,3.5,4.7,2.9,3.1,3.3,3.3
15-1299.05,Information Security Engineers,4.4,4.3,3.7,3.7,4.3,4.2,3.1,3.7,3.9,4.7,2.8,2.2,3.1,3.5,4.0,4.7,3.0,2.8,3.5,3.1
15-1299.05,Information Security Engineers,4.1,3.8,4.2,3.8,4.0,4.7,3.6,4.0,3.3,4.3,4.0,2.1,2.4,3.4,3.2,4.4,3.7,3.4,3.2,3.5
15-1299.05,Information Security Engineers,4.6,4.3,3.7,3.3,4.5,4.4,4.2,4.3,3.2,3.6,3.9,2.8,3.3,3.1,3.5,4.5,3.8,2.6,3.2,3.4
15-1299.05,Information Security Engineers,4.9,4.9,4.5,4.4,4.0,4.0,3.2,3.8,4.2,4.8,2.8,2.9,3.4,3.7,3.1,4.5,3.1,3.1,3.4,3.0
15-1299.05,Information Security Engineers,5.0,4.3,3.7,4.4,4.2,4.2,4.2,3.8,4.2,3.9,2.5,2.8,2.3,4.1,3.6,4.9,3.7,2.7,3.8,3.6
15-1299.05,Information Security Engineers,4.7,4.7,3.9,3.7,4.6,4.3,3.3,4.1,3.4,3.6,2.5,2.9,2.5,4.1,3.4,4.5,3.1,3.2,3.4,4.0
15-1299.05,Information Security Engineers,4.9,4.8,4.4,3.7,4.5,4.7,4.0,4.4,4.1,5.0,3.0,3.2,3.0,4.0,3.3,4.8,3.9,2.7,3.6,3.4
15-1299.05,Information Security Engineers,5.0,4.2,3.3,3.6,4.7,4.1,3.9,4.4,4.3,3.6,4.0,3.0,2.2,3.0,3.2,4.8,2.5,2.7,3.8,3.6
15-1299.05,Information Security Engineers,4.8,4.6,3.1,4.3,4.2,4.6,4.0,3.7,4.5,4.2,2.6,3.4,2.9,4.0,3.5,4.8,2.5,2.8,3.5,3.1
15-1299.05,Information Security Engineers,4.7,4.1,3.4,3.0,4.7,4.8,3.6,4.1,3.3,4.4,2.5,2.7,3.0,4.4,3.4,4.8,3.4,3.4,3.4,3.3
15-1299.05,Information Security Engineers,4.9,3.6,3.2,3.1,4.8,4.0,4.3,4.0,3.0,4.1,2.8,2.9,3.0,3.7,3.0,4.7,3.8,3.2,3.8,3.2
15-1299.05,Information Security Engineers,4.9,4.0,3.0,4.3,4.9,4.7,3.3,3.8,3.7,4.8,2.7,3.2,2.4,4.2,3.9,4.4,3.0,3.3,3.5,3.7
15-1299.05,Information Security Engineers,4.6,3.7,4.3,3.3,4.9,4.3,4.1,3.8,3.5,4.0,3.6,2.8,3.3,3.5,3.7,4.8,2.7,2.9,3.5,3.4
15-1299.05,Information Security Engineers,4.3,4.5,3.3,4.1,4.9,4.6,3.9,3.6,4.3,3.9,3.4,3.5,2.9,4.1,3.4,4.1,3.7,2.5,3.7,3.0
15-1299.05,Information Security Engineers,4.9,3.7,3.8,3.9,4.5,4.3,3.7,3.8,3.7,4.0,3.3,2.4,3.5,3.8,3.2,4.5,3.8,2.5,3.7,3.5
15-1299.05,Information Security Engineers,4.2,4.7,3.6,3.4,4.8,4.6,4.3,4.1,4.1,4.8,2.6,3.2,2.9,3.1,3.5,4.1,3.6,3.0,4.0,3.2
15-1299.05,Information Security Engineers,4.6,3.8,3.9,4.1,4.7,4.8,4.3,3.6,3.5,4.5,3.2,2.3,2.8,3.6,3.4,4.8,3.1,2.5,3.1,3.9
15-1299.05,Information Security Engineers,5.0,4.5,3.5,4.4,4.7,4.8,4.1,3.9,3.7,3.8,2.9,3.2,3.3,4.1,3.5,4.1,2.6,2.9,3.5,3.6
15-1299.05,Information Security Engineers,4.0,5.0,3.5,4.3,4.5,4.1,4.2,4.2,3.8,4.3,2.6,3.0,3.4,3.1,3.3,4.9,2.9,3.2,3.5,3.6
15-1299.05,Information Security Engineers,4.4,3.9,3.1,4.1,4.7,4.7,4.0,3.7,3.0,4.7,3.2,2.5,2.2,3.1,3.3,4.8,3.9,3.4,3.9,3.9
15-1299.05,Information Security Engineers,4.5,3.8,4.2,3.3,4.3,4.2,3.8,3.8,3.2,4.2,3.8,2.9,3.3,3.3,3.2,4.6,3.2,3.2,3.8,3.8
15-1299.05,Information Security Engineers,4.9,4.1,3.3,3.8,4.1,4.3,3.3,3.9,3.2,3.5,3.5,2.9,3.1,4.0,3.1,4.3,2.7,3.3,3.7,3.2
15-1299.05,Information Security Engineers,4.3,4.9,3.9,4.2,4.3,4.2,4.2,4.2,4.0,4.3,3.3,3.1,2.4,3.5,3.9,4.3,3.3,3.2,4.0,3.4
15-1299.05,Information Security Engineers,4.4,4.8,4.2,4.1,4.5,4.3,3.9,4.4,4.3,3.7,3.1,2.7,3.5,4.0,3.4,4.0,3.3,2.6,3.8,3.8
15-1299.05,Information Security Engineers,4.5,4.1,4.3,3.4,4.2,4.9,4.2,4.3,3.3,3.7,2.5,2.4,3.2,3.4,3.7,4.3,3.1,3.5,3.2,3.4
15-1299.05,Information Security Engineers,4.3,3.7,3.7,3.6,4.7,4.8,3.8,3.5,3.9,3.6,3.4,3.0,2.3,4.2,3.9,4.8,3.0,3.1,3.9,3.3
15-1299.05,Information Security Engineers,4.8,3.5,3.0,4.1,4.8,4.8,4.4,3.6,3.3,4.9,2.8,3.0,2.8,3.1,3.3,4.5,3.8,3.2,3.6,3.5
15-1299.05,Information Security Engineers,4.3,3.7,3.6,3.0,4.2,4.4,3.6,3.5,3.9,4.3,2.6,3.4,2.1,4.3,3.0,4.9,2.5,3.3,3.4,3.7
15-1299.05,Information Security Engineers,4.4,3.6,4.2,3.1,4.9,4.1,3.7,4.2,3.6,3.8,3.6,3.2,3.4,3.6,3.5,4.4,2.9,3.3,3.3,3.4
15-1299.05,Information Security Engineers,4.4,4.6,4.4,4.0,4.5,4.8,4.0,3.6,3.1,3.6,3.2,3.2,2.5,3.6,3.9,4.8,3.5,2.8,3.1,3.0
15-1299.05,Information Security Engineers,4.1,3.9,3.8,3.1,4.1,4.2,3.9,4.1,3.8,3.9,3.1,2.1,2.3,4.3,4.0,4.6,3.9,3.1,3.0,4.0
15-1299.05,Information Security Engineers,4.1,4.5,3.4,3.6,4.6,4.4,3.4,3.8,3.5,4.9,3.7,2.7,2.3,4.2,3.2,4.2,3.0,3.4,3.1,3.1
15-1299.05,Information Security Engineers,4.5,3.9,3.9,3.7,4.4,4.1,3.2,4.3,4.3,3.9,2.7,2.1,2.9,4.1,3.4,4.7,3.6,3.4,3.1,3.2
15-1299.05,Information Security Engineers,4.1,4.8,4.2,3.9,4.1,4.3,3.4,4.1,3.4,3.6,3.6,2.4,2.7,3.2,3.8,4.6,3.9,3.0,3.9,3.9
15-1299.05,Information Security Engineers,4.6,4.9,3.5,3.5,4.0,4.6,4.1,4.3,3.2,4.2,2.8,3.0,2.2,4.4,3.2,4.3,3.8,3.0,3.0,3.5
15-1299.05,Information Security Engineers,4.1,5.0,3.9,3.4,4.6,4.1,4.2,4.4,4.3,4.0,3.0,2.1,3.0,3.8,3.5,4.9,2.8,2.5,3.1,3.2
15-1299.05,Information Security Engineers,4.0,4.3,3.5,3.3,4.8,4.2,4.0,3.8,3.8,4.9,2.6,2.8,3.3,3.9,3.3,4.4,3.5,3.4,3.0,3.1
15-1299.05,Information Security Engineers,4.3,3.8,3.4,3.3,4.2,4.1,4.4,3.6,3.3,3.9,3.9,3.1,3.2,3.2,3.8,4.4,2.9,3.1,3.8,3.8
15-1299.05,Information Security Engineers,4.9,4.9,3.4,3.6,4.0,4.9,3.2,4.4,3.5,4.1,2.6,2.5,3.3,3.0,3.4,4.0,3.1,2.7,3.3,3.9
15-1299.05,Information Security Engineers,4.4,3.9,3.9,3.2,4.3,4.5,3.4,4.2,3.7,4.7,3.9,2.2,2.5,3.5,3.2,4.8,3.6,3.0,3.5,3.1
15-1299.05,Information Security Engineers,4.6,4.7,3.9,3.4,4.7,4.4,3.8,4.0,3.6,4.6,3.8,2.0,3.4,3.8,3.7,4.9,3.2,3.3,3.2,3.2
15-1299.05,Information Security Engineers,4.7,4.8,4.3,4.0,4.5,4.3,4.5,3.8,4.1,4.3,3.4,2.6,3.4,3.9,3.9,4.0,3.4,3.2,3.7,3.9
15-1299.08,Computer Systems Engineers/Architects,4.0,3.5,3.7,3.0,5.0,4.2,3.7,3.6,3.8,4.1,2.6,2.5,2.6,4.5,3.2,4.5,4.0,3.3,4.0,4.0
15-1299.08,Computer Systems Engineers/Architects,4.5,4.5,3.2,3.7,4.8,4.5,4.1,4.2,3.4,4.8,3.2,2.3,3.3,3.6,3.8,4.5,3.1,3.3,3.6,3.4
15-1299.08,Computer Systems Engineers/Architects,4.1,4.8,3.1,4.3,4.4,4.6,4.4,3.7,3.9,4.6,3.6,2.8,2.9,4.1,3.8,4.8,3.0,3.5,3.4,3.0
15-1299.08,Computer Systems Engineers/Architects,4.4,3.7,3.2,3.4,4.1,4.7,3.1,3.7,3.1,3.6,2.9,2.9,3.4,4.3,3.9,4.2,2.9,2.6,3.8,3.1
15-1299.08,Computer Systems Engineers/Architects,4.6,3.9,3.4,4.5,4.8,4.8,3.9,4.4,4.0,4.9,2.9,2.9,3.0,3.6,3.9,5.0,3.2,2.9,3.5,3.9
15-1299.08,Computer Systems Engineers/Architects,4.6,3.6,3.8,3.0,4.8,4.3,3.7,4.3,3.1,3.7,3.1,2.3,2.5,4.5,3.8,4.9,3.9,2.8,3.3,3.2
15-1299.08,Computer Systems Engineers/Architects,4.8,4.5,3.4,3.6,4.5,4.5,4.3,3.9,4.4,4.2,3.6,3.4,3.4,3.1,3.2,4.5,3.1,3.1,3.9,3.1
15-1299.08,Computer Systems Engineers/Architects,4.5,3.8,4.3,4.4,4.5,4.1,4.2,4.2,3.5,4.8,4.0,2.8,2.8,3.4,3.6,4.4,3.0,2.6,3.3,3.2
15-1299.08,Computer Systems Engineers/Architects,4.5,4.4,3.9,3.6,4.4,4.8,3.7,4.5,3.7,4.5,2.6,3.0,3.3,4.4,4.0,4.3,3.4,3.0,3.6,3.2
15-1299.08,Computer Systems Engineers/Architects,4.9,4.9,3.7,3.4,4.1,4.7,3.5,4.4,4.0,4.5,3.3,2.1,3.4,3.9,4.0,4.5,3.6,2.6,3.6,3.8
15-1299.08,Computer Systems Engineers/Architects,4.8,4.7,3.3,4.5,5.0,4.1,4.4,3.8,4.0,4.0,4.0,2.2,2.7,3.6,3.3,4.6,2.7,3.2,4.0,3.8
15-1299.08,Computer Systems Engineers/Architects,4.9,4.0,3.5,3.8,4.0,4.9,3.2,4.4,3.1,4.7,2.7,2.1,3.1,3.4,3.7,4.6,2.7,3.4,3.5,3.7
15-1299.08,Computer Systems Engineers/Architects,4.5,4.4,3.5,3.3,4.5,4.4,3.6,4.2,4.0,3.6,3.0,2.6,2.1,3.4,3.1,5.0,3.6,2.6,3.0,3.7
15-1299.08,Computer Systems Engineers/Architects,4.4,4.7,4.4,3.9,4.2,4.8,4.4,4.1,4.0,4.0,3.1,3.1,3.4,3.9,3.8,4.2,2.8,3.0,3.2,3.6
15-1299.08,Computer Systems Engineers/Architects,4.3,4.7,4.2,3.7,4.2,4.6,4.5,4.1,3.1,3.5,3.0,2.3,3.2,4.3,3.3,4.3,2.9,3.4,3.5,3.7
15-1299.08,Computer Systems Engineers/Architects,4.4,4.4,3.6,3.5,4.6,4.6,3.4,3.6,3.6,4.1,3.4,3.4,2.1,3.4,3.2,4.5,3.1,3.2,3.2,3.6
15-1299.08,Computer Systems Engineers/Architects,4.9,4.9,4.4,4.2,4.9,4.2,3.3,3.5,4.1,4.9,2.8,3.0,3.1,4.4,3.6,5.0,3.0,2.8,3.5,3.4
15-1299.08,Computer Systems Engineers/Architects,4.0,4.6,4.1,4.1,4.3,4.5,3.5,3.5,3.8,3.7,2.6,3.1,2.0,4.4,3.5,5.0,2.6,3.1,3.3,3.8
15-1299.08,Computer Systems Engineers/Architects,4.4,3.9,4.3,3.6,4.0,4.4,4.0,3.8,3.6,3.6,3.4,3.1,2.6,3.6,3.1,4.2,2.7,3.0,3.5,3.9
15-1299.08,Computer Systems Engineers/Architects,4.1,4.4,3.8,3.8,4.9,4.2,3.1,4.2,3.5,3.5,2.9,2.5,2.9,3.3,3.4,4.5,3.2,3.5,3.0,4.0
15-1299.08,Computer Systems Engineers/Architects,4.6,4.7,3.6,3.7,4.9,4.9,3.4,3.7,3.7,4.9,3.0,3.0,3.1,4.2,3.6,4.4,4.0,3.1,3.7,3.3
15-1299.08,Computer Systems Engineers/Architects,4.7,3.9,3.4,4.1,4.5,4.7,3.4,4.1,3.7,4.4,2.9,3.1,3.2,3.4,3.3,4.7,3.5,3.2,3.7,3.4
15-1299.08,Computer Systems Engineers/Architects,4.4,3.9,3.2,4.0,4.1,4.9,4.2,4.4,4.4,4.1,3.8,2.2,2.0,4.2,3.1,5.0,3.5,3.3,3.2,3.7
15-1299.08,Computer Systems Engineers/Architects,4.0,4.8,3.3,4.0,4.2,4.1,3.7,3.7,4.1,3.9,3.0,2.9,2.4,3.6,3.8,4.2,2.6,2.8,3.4,3.5
15-1299.08,Computer Systems Engineers/Architects,4.4,4.7,3.1,3.6,4.4,4.6,4.4,4.0,4.5,4.0,2.5,2.2,2.6,3.5,3.1,4.4,3.0,2.6,3.3,3.9
15-1299.08,Computer Systems Engineers/Architects,4.3,4.6,3.9,3.6,4.2,4.4,3.9,3.9,3.3,3.7,3.8,2.7,2.9,3.7,3.9,4.5,3.2,3.4,3.7,3.1
15-1299.08,Computer Systems Engineers/Architects,4.2,4.7,4.3,3.8,4.6,4.6,3.7,4.2,3.2,4.9,3.6,2.9,2.5,3.2,3.4,4.7,3.5,2.9,3.6,3.8
15-1299.08,Computer Systems Engineers/Architects,4.0,4.2,4.1,3.8,4.7,4.5,4.5,3.6,3.7,3.6,2.7,2.6,2.2,4.4,3.9,4.3,3.5,3.0,3.8,3.6
15-1299.08,Computer Systems Engineers/Architects,4.0,4.6,4.1,3.8,4.9,4.9,3.8,4.1,4.5,3.9,3.0,2.3,3.3,4.1,3.1,5.0,3.6,3.4,3.0,3.5
15-1299.08,Computer Systems Engineers/Architects,4.7,4.3,4.0,4.2,4.4,4.8,3.2,3.8,3.1,4.0,3.1,3.2,3.0,3.7,3.7,4.1,2.8,3.1,3.6,3.8
15-1299.08,Computer Systems Engineers/Architects,4.4,4.6,4.0,4.4,4.2,4.6,3.9,4.5,3.3,4.3,3.0,2.8,2.3,3.1,3.6,4.3,2.8,2.8,3.0,4.0
15-1299.08,Computer Systems Engineers/Architects,4.6,4.7,3.6,4.4,4.5,4.6,3.7,4.2,3.8,3.9,2.7,2.9,2.7,3.1,3.4,4.5,3.7,2.6,3.3,3.8
15-1299.08,Computer Systems Engineers/Architects,4.6,3.9,4.3,3.7,4.5,5.0,4.4,3.9,3.2,4.0,2.5,2.0,2.6,4.4,3.9,4.5,3.3,2.5,3.2,3.0
15-1299.08,Computer Systems Engineers/Architects,4.8,3.7,4.3,4.0,4.2,4.2,3.9,4.4,4.1,4.0,3.4,2.5,3.5,4.1,3.6,4.4,3.4,2.8,3.0,3.4
15-1299.08,Computer Systems Engineers/Architects,4.9,4.4,3.1,4.3,4.3,4.2,3.4,4.1,3.8,4.2,3.6,2.5,3.2,3.3,3.8,4.7,3.5,3.0,3.7,3.1
15-1299.08,Computer Systems Engineers/Architects,4.9,3.6,3.2,3.9,4.7,4.1,4.4,4.5,3.9,4.2,3.6,2.5,2.7,4.4,4.0,4.9,2.9,2.7,3.3,3.4
15-1299.08,Computer Systems Engineers/Architects,4.3,4.1,3.9,4.1,4.7,4.8,3.0,3.5,4.2,4.3,3.4,2.1,2.4,4.0,3.9,4.9,3.3,3.0,3.8,3.5
15-1299.08,Computer Systems Engineers/Architects,4.5,4.9,4.2,4.4,4.2,4.5,4.3,3.6,4.2,3.8,3.7,2.9,2.3,3.7,3.7,4.6,3.1,3.4,3.5,3.5
15-1299.08,Computer Systems Engineers/Architects,4.1,4.9,3.3,3.8,4.8,4.2,3.8,3.7,4.1,4.3,3.8,3.3,3.0,4.1,3.5,4.4,3.5,3.4,3.4,3.3
15-1299.08,Computer Systems Engineers/Architects,4.4,4.2,3.1,3.7,4.5,4.6,3.5,4.1,4.3,4.9,3.4,2.1,3.5,4.1,3.3,4.1,2.7,2.7,3.0,3.9
15-1299.08,Computer Systems Engineers/Architects,4.5,4.5,4.2,4.2,4.9,5.0,3.7,4.5,4.1,3.6,3.5,3.0,3.4,3.6,3.6,4.0,3.0,2.6,3.5,3.8
15-1299.08,Computer Systems Engineers/Architects,4.2,4.3,3.3,3.2,4.5,4.1,3.9,3.5,3.2,4.3,3.4,2.0,2.9,4.3,3.7,4.1,3.4,3.2,3.0,3.9
15-1299.08,Computer Systems Engineers/Architects,4.9,4.8,4.2,4.1,4.6,4.7,4.2,4.2,3.5,4.1,3.8,2.0,3.0,4.4,3.7,5.0,3.5,2.5,3.8,3.3
15-1299.08,Computer Systems Engineers/Architects,4.4,4.0,3.4,3.6,4.4,4.6,4.2,3.8,3.3,4.5,3.5,3.4,2.0,4.3,3.5,4.6,2.6,2.9,3.2,3.3
15-1299.08,Computer Systems Engineers/Architects,4.5,4.7,4.1,3.9,4.5,4.4,4.5,4.1,3.4,3.8,3.4,2.8,2.0,4.2,3.7,4.7,2.6,2.9,3.9,3.9
15-1299.08,Computer Systems Engineers/Architects,4.3,3.7,3.7,3.5,4.7,5.0,3.5,3.6,4.3,3.6,3.9,3.0,3.4,3.3,3.0,4.5,3.2,2.8,4.0,3.8
15-1299.08,Computer Systems Engineers/Architects,4.7,3.7,4.1,4.1,4.4,4.9,3.3,3.8,3.1,4.7,3.4,2.5,2.2,3.1,3.2,4.5,2.9,2.8,3.9,3.5
15-1299.08,Computer Systems Engineers/Architects,4.7,3.6,3.5,3.7,4.2,4.1,4.3,4.4,3.1,4.0,3.9,2.1,3.0,4.5,4.0,4.5,2.7,2.7,3.9,3.9
15-1299.08,Computer Systems Engineers/Architects,4.6,4.6,4.1,4.0,4.8,4.7,3.8,3.7,4.1,4.2,2.9,3.2,3.0,4.4,3.2,4.6,2.9,3.4,3.1,3.7
15-1299.08,Computer Systems Engineers/Architects,4.8,4.0,4.4,4.3,4.3,4.0,3.4,3.8,4.3,5.0,2.6,2.7,2.8,3.1,3.4,4.3,3.3,3.2,3.7,3.1
15-1299.09,Information Technology Project Managers,4.8,4.5,4.3,3.7,4.9,4.9,3.7,3.9,4.4,4.6,3.9,3.2,2.9,3.2,3.3,5.0,3.0,2.6,3.7,3.7
15-1299.09,Information Technology Project Managers,4.3,3.9,3.7,3.0,4.8,4.3,4.3,4.3,4.0,4.0,3.3,2.7,2.5,4.3,3.5,4.8,2.7,2.6,4.0,3.6
15-1299.09,Information Technology Project Managers,4.5,4.3,3.3,4.1,4.1,4.6,3.9,4.4,3.8,3.7,3.4,2.1,2.3,3.0,3.5,4.1,3.2,3.4,3.7,3.1
15-1299.09,Information Technology Project Managers,4.2,4.5,4.3,3.0,4.8,4.6,3.8,4.5,4.1,4.8,3.0,2.8,2.9,3.5,3.6,4.2,2.7,2.9,3.7,3.9
15-1299.09,Information Technology Project Managers,4.5,4.5,3.2,4.4,4.6,4.8,4.2,3.8,3.8,4.9,2.6,3.0,3.4,3.5,3.9,4.9,3.6,2.7,3.3,3.0
15-1299.09,Information Technology Project Managers,4.8,4.8,3.9,3.5,4.1,4.8,4.1,4.4,4.1,4.7,3.6,2.9,2.6,4.4,3.7,4.4,2.6,2.8,3.5,3.3
15-1299.09,Information Technology Project Managers,4.2,4.3,3.3,4.2,4.5,4.6,3.2,3.8,3.6,4.7,3.7,2.3,2.9,3.4,4.0,5.0,3.3,3.2,3.8,3.7
15-1299.09,Information Technology Project Managers,4.7,4.9,3.9,4.0,4.8,4.7,4.1,3.7,3.6,3.7,3.3,2.7,3.5,3.9,3.8,4.3,3.7,3.1,3.7,3.3
15-1299.09,Information Technology Project Managers,4.5,4.5,3.9,4.4,4.9,5.0,4.0,4.5,4.2,3.9,3.1,2.4,2.0,3.3,3.0,4.7,3.1,2.8,3.8,3.8
15-1299.09,Information Technology Project Managers,5.0,4.5,3.7,3.5,4.2,4.2,3.6,4.5,3.0,3.8,2.8,3.1,2.5,3.7,3.1,4.4,2.7,3.0,3.1,3.8
15-1299.09,Information Technology Project Managers,4.6,4.6,3.6,3.6,4.1,4.5,3.8,4.0,4.1,4.7,3.6,2.2,2.9,3.1,3.7,4.4,2.7,3.4,3.6,3.4
15-1299.09,Information Technology Project Managers,4.0,4.3,4.4,3.9,5.0,4.1,3.9,4.3,3.8,3.6,3.4,2.9,3.1,4.1,3.8,4.7,2.8,2.9,3.8,4.0
15-1299.09,Information Technology Project Managers,4.1,4.3,3.5,3.3,4.5,4.6,3.0,4.3,4.2,4.9,2.8,2.9,2.6,3.5,3.6,4.8,2.5,3.5,3.8,3.8
15-1299.09,Information Technology Project Managers,4.8,4.1,4.1,3.6,4.9,4.2,3.4,4.1,3.5,4.1,3.2,3.3,2.8,3.5,3.2,4.4,3.3,3.2,3.1,3.2
15-1299.09,Information Technology Project Managers,4.4,4.0,3.6,4.2,4.3,4.5,3.9,3.7,4.1,4.3,3.2,3.2,2.4,4.3,3.6,4.6,3.8,3.3,3.6,3.8
15-1299.09,Information Technology Project Managers,4.4,4.3,3.1,3.1,4.8,4.1,3.3,4.3,3.0,3.9,3.4,2.9,3.2,3.8,3.5,4.7,3.2,3.1,3.9,3.4
15-1299.09,Information Technology Project Managers,4.4,3.5,3.9,3.0,4.5,4.8,3.8,3.8,4.2,3.9,3.6,2.9,2.3,4.4,3.2,5.0,2.5,2.8,3.2,3.0
15-1299.09,Information Technology Project Managers,4.7,4.5,4.2,3.4,4.4,4.7,3.7,4.2,4.0,3.7,3.7,3.1,3.0,3.2,3.3,4.4,2.9,2.7,3.8,3.6
15-1299.09,Information Technology Project Managers,4.6,3.8,4.4,3.3,4.8,5.0,4.1,4.5,4.0,3.8,2.8,2.5,2.0,4.0,3.3,4.8,3.0,3.0,4.0,3.2
15-1299.09,Information Technology Project Managers,4.7,4.6,3.3,3.8,4.4,4.8,3.9,4.0,4.2,3.9,3.6,3.3,3.3,4.2,3.4,5.0,3.1,3.1,3.2,4.0
15-1299.09,Information Technology Project Managers,4.7,4.6,3.1,4.1,4.8,4.7,3.4,4.0,3.2,4.2,2.9,2.5,2.2,3.3,3.1,4.9,3.3,2.9,3.5,3.6
15-1299.09,Information Technology Project Managers,4.9,3.8,3.4,4.5,4.4,4.0,3.2,3.5,4.5,3.9,3.9,3.5,2.9,3.0,3.1,4.5,3.1,3.1,3.4,3.9
15-1299.09,Information Technology Project Managers,4.5,4.5,4.3,3.2,4.2,4.1,3.2,4.0,3.5,4.1,4.0,2.2,2.8,3.1,3.3,4.5,3.9,2.9,3.1,3.4
15-1299.09,Information Technology Project Managers,4.1,3.8,3.9,3.1,4.5,4.6,3.6,3.5,4.5,4.1,3.7,2.5,2.7,3.6,3.3,4.0,3.0,3.4,3.7,3.1
15-1299.09,Information Technology Project Managers,4.6,4.8,4.1,3.2,4.9,4.3,3.7,4.0,4.3,4.9,3.9,2.0,3.4,3.1,3.3,4.5,3.2,3.1,3.5,3.9
15-1299.09,Information Technology Project Managers,4.2,3.9,4.4,3.1,4.6,4.7,3.8,4.2,3.3,4.8,2.7,2.6,2.1,3.8,3.7,4.9,3.6,3.0,3.9,3.5
15-1299.09,Information Technology Project Managers,4.6,4.4,3.6,4.3,4.2,4.6,4.1,4.4,4.3,4.3,3.5,2.6,2.7,4.4,3.9,4.9,2.7,3.4,3.9,3.4
15-1299.09,Information Technology Project Managers,4.5,4.7,3.8,4.5,4.5,4.7,4.2,4.0,4.3,4.3,3.1,2.2,2.6,4.1,3.9,4.3,3.0,2.7,3.7,4.0
15-1299.09,Information Technology Project Managers,4.6,4.4,3.8,3.1,4.7,4.6,4.0,4.4,4.2,4.7,3.9,3.5,2.9,3.2,3.5,4.8,2.5,2.6,3.1,3.7
15-1299.09,Information Technology Project Managers,4.5,4.1,3.2,4.1,4.3,4.3,4.0,4.1,3.5,4.5,2.9,3.2,2.3,3.2,3.8,4.7,2.8,2.6,3.8,3.8
15-1299.09,Information Technology Project Managers,4.3,4.5,3.2,3.8,4.0,4.4,3.1,4.0,3.6,4.2,2.6,2.5,3.1,3.6,3.7,4.4,3.1,3.1,4.0,3.1
15-1299.09,Information Technology Project Managers,4.0,4.4,4.4,4.5,4.5,4.5,4.0,4.1,4.0,4.8,3.6,2.7,2.7,4.0,3.5,4.5,2.5,2.7,3.5,3.8
15-1299.09,Information Technology Project Managers,4.3,4.3,3.5,3.2,5.0,4.9,3.1,4.2,3.5,5.0,3.0,2.4,2.9,4.3,3.2,4.7,2.6,3.4,3.1,3.9
15-1299.09,Information Technology Project Managers,4.5,4.2,4.5,4.5,4.7,4.1,3.8,4.0,3.8,4.4,2.5,3.1,3.1,3.2,3.6,4.6,3.5,2.6,3.6,3.3
15-1299.09,Information Technology Project Managers,4.5,4.7,4.1,3.2,4.6,5.0,3.2,4.4,4.1,4.7,2.9,2.4,3.4,3.5,3.1,4.6,2.7,3.3,3.6,3.9
15-1299.09,Information Technology Project Managers,4.8,3.7,3.6,4.2,4.4,5.0,4.1,3.5,4.3,3.7,2.7,3.1,3.3,3.8,3.3,4.4,3.0,2.8,3.2,3.6
15-1299.09,Information Technology Project Managers,4.9,4.0,3.3,4.3,4.7,4.9,3.2,3.6,3.8,4.4,3.2,2.9,2.3,3.7,3.7,4.4,3.5,3.0,3.3,3.3
15-1299.09,Information Technology Project Managers,4.4,3.5,4.0,4.3,4.4,4.0,4.5,3.8,3.2,4.1,3.6,2.4,2.9,3.6,3.1,4.3,3.6,3.1,3.1,3.2
15-1299.09,Information Technology Project Managers,4.6,4.7,3.5,3.9,4.2,4.3,3.0,4.3,3.6,4.7,3.6,3.2,2.4,3.3,4.0,4.7,3.8,2.5,3.4,3.7
15-1299.09,Information Technology Project Managers,4.1,4.4,3.6,3.0,4.2,4.3,3.2,4.1,3.4,3.9,3.8,2.7,2.6,4.1,3.9,4.0,3.2,3.1,3.3,3.8
15-1299.09,Information Technology Project Managers,5.0,4.9,3.4,3.3,5.0,4.5,3.3,4.2,3.4,3.9,3.8,2.2,2.1,3.4,3.6,4.1,3.2,3.1,3.8,3.2
15-1299.09,Information Technology Project Managers,4.8,3.9,4.0,3.6,4.1,4.7,3.3,3.7,3.5,4.5,2.9,2.3,2.0,3.7,3.4,4.2,2.6,2.9,3.8,3.7
15-1299.09,Information Technology Project Managers,4.9,3.5,4.4,3.5,5.0,4.3,3.7,3.9,3.5,4.8,3.6,3.5,2.9,3.7,3.1,5.0,3.3,3.2,3.4,3.5
15-1299.09,Information Technology Project Managers,4.9,3.7,3.4,3.2,4.8,4.1,3.1,3.8,3.8,4.1,2.6,3.4,3.4,3.4,3.7,4.6,2.9,2.8,3.5,3.4
15-1299.09,Information Technology Project Managers,4.3,4.7,3.7,4.0,4.2,4.5,3.5,4.0,4.2,4.7,3.0,3.0,3.4,3.9,3.1,4.7,2.7,3.4,3.5,3.4
15-1299.09,Information Technology Project Managers,4.1,4.1,4.4,3.0,4.5,4.9,3.6,3.9,3.9,4.2,2.8,2.0,2.9,4.4,3.1,4.2,3.1,3.3,3.3,3.9
15-1299.09,Information Technology Project Managers,4.1,4.9,3.8,4.0,4.4,4.8,3.2,3.5,3.6,4.8,3.6,2.8,2.9,3.2,3.8,4.8,3.5,3.0,4.0,3.9
15-1299.09,Information Technology Project Managers,4.6,4.1,3.9,3.9,4.4,4.3,3.6,4.1,3.6,3.9,3.6,2.8,2.1,3.6,3.9,4.8,3.0,3.4,3.1,4.0
15-1299.09,Information Technology Project Managers,4.2,3.5,3.7,3.5,4.5,4.8,4.3,3.9,3.6,3.7,2.6,3.0,2.1,4.1,3.5,4.2,3.3,2.7,3.4,3.8
15-1299.09,Information Technology Project Managers,4.5,3.7,4.1,3.3,4.7,4.5,3.7,4.4,4.1,3.5,2.9,3.3,2.0,3.8,3.7,4.6,3.6,3.2,3.7,3.8
15-2051.00,Data Scientists,4.8,2.6,4.5,3.1,4.4,4.6,3.8,4.4,4.8,2.3,4.8,3.0,2.7,4.7,2.7,4.9,3.0,3.4,3.3,3.6
15-2051.00,Data Scientists,4.7,2.4,4.7,3.4,4.2,4.9,4.0,4.3,4.9,3.1,4.8,2.4,2.6,4.3,3.3,5.0,3.0,3.2,3.7,4.2
15-2051.00,Data Scientists,4.8,3.3,4.4,2.1,4.3,4.8,4.3,3.6,4.5,3.4,4.6,2.7,2.7,4.7,2.6,4.8,3.4,2.9,3.4,3.9
15-2051.00,Data Scientists,4.5,3.3,4.9,3.5,4.1,4.9,3.7,4.2,4.8,3.4,4.9,2.9,2.8,4.9,2.6,4.9,3.1,2.9,3.1,4.2
15-2051.00,Data Scientists,4.7,2.7,4.7,3.4,4.3,4.7,3.9,3.7,4.7,2.2,5.0,2.4,1.7,4.4,3.0,4.8,2.5,3.5,3.3,3.5
15-2051.00,Data Scientists,4.5,2.9,4.1,2.1,3.9,4.8,3.6,3.8,4.7,2.2,4.8,1.6,1.6,4.5,2.7,4.5,2.9,3.4,3.7,4.3
15-2051.00,Data Scientists,4.9,3.5,4.8,2.9,3.9,4.6,4.2,4.5,4.7,3.1,4.7,2.1,2.1,4.5,2.9,4.9,3.4,3.4,3.2,4.4
15-2051.00,Data Scientists,4.7,2.5,4.7,2.5,3.6,4.7,4.2,3.8,4.8,3.0,4.9,2.8,2.1,4.2,2.8,4.7,3.2,2.5,3.3,4.3
15-2051.00,Data Scientists,4.8,3.1,4.8,3.2,4.2,4.7,4.5,4.1,4.6,2.4,4.8,2.9,1.8,4.1,3.4,5.0,2.8,2.9,3.7,3.8
15-2051.00,Data Scientists,4.9,2.2,4.0,2.3,3.8,4.6,3.6,4.3,4.6,3.4,4.7,2.5,1.8,4.2,3.1,4.8,3.3,3.3,3.7,3.9
15-2051.00,Data Scientists,4.9,2.9,5.0,3.2,3.5,4.7,4.1,4.2,4.8,3.2,4.6,1.8,1.6,4.6,3.2,4.7,3.1,2.6,3.1,4.2
15-2051.00,Data Scientists,4.7,3.0,4.8,3.3,3.7,4.7,4.2,4.3,4.9,2.3,4.6,2.4,2.6,4.3,2.6,4.9,2.8,2.7,3.1,3.8
15-2051.00,Data Scientists,4.8,2.5,4.0,2.1,3.8,4.8,3.6,4.1,4.6,2.3,4.6,1.6,2.5,4.5,3.3,4.5,2.6,2.8,3.8,3.8
15-2051.00,Data Scientists,4.7,2.5,4.1,3.4,4.0,4.9,4.2,4.0,4.5,3.0,4.6,2.1,2.4,4.8,3.2,4.8,2.6,2.8,3.0,4.2
15-2051.00,Data Scientists,5.0,2.4,4.1,2.7,4.4,4.8,3.5,4.5,4.9,2.2,5.0,2.2,2.1,4.5,3.3,4.8,2.6,3.5,3.1,4.2
15-2051.00,Data Scientists,4.8,2.3,4.2,3.3,3.9,4.8,4.0,4.2,4.7,2.4,4.7,2.8,2.2,4.2,3.4,4.9,2.6,3.5,3.7,3.7
15-2051.00,Data Scientists,4.6,3.0,4.8,2.4,3.8,4.7,4.1,3.7,4.6,3.0,4.9,2.3,2.0,4.4,2.9,5.0,3.3,2.7,3.4,4.0
15-2051.00,Data Scientists,4.8,2.7,4.8,3.2,4.0,4.9,4.3,4.3,5.0,2.4,4.6,2.8,2.7,4.9,2.6,4.8,2.6,3.0,3.2,3.6
15-2051.00,Data Scientists,4.5,2.9,4.4,2.2,3.8,4.6,4.4,3.8,4.7,3.3,4.8,2.6,2.5,4.9,2.7,5.0,3.3,3.1,3.7,4.1
15-2051.00,Data Scientists,4.5,2.3,5.0,2.8,3.9,4.9,4.0,3.5,4.9,3.1,4.6,2.9,1.8,4.5,2.6,4.8,2.9,2.9,3.8,3.5
15-2051.00,Data Scientists,4.9,2.9,5.0,2.9,3.6,4.5,4.4,4.3,4.7,2.9,4.7,3.0,2.9,5.0,3.4,5.0,2.7,3.3,3.7,4.5
15-2051.00,Data Scientists,4.8,2.1,4.6,3.0,3.7,4.7,4.1,3.9,4.7,2.2,5.0,2.6,1.5,4.8,3.2,4.5,2.9,3.1,3.5,4.3
15-2051.00,Data Scientists,4.7,2.2,5.0,2.4,4.2,4.6,3.8,3.9,4.6,2.7,4.6,2.3,2.5,4.1,3.4,4.6,2.7,3.2,3.5,4.0
15-2051.00,Data Scientists,4.6,3.2,4.6,2.2,3.9,4.9,4.1,3.6,4.7,2.4,4.8,2.8,2.2,4.4,3.4,4.8,3.1,2.8,3.6,4.1
15-2051.00,Data Scientists,4.7,3.5,4.9,3.1,4.0,4.7,3.7,3.8,4.9,2.7,4.9,1.7,2.3,4.6,3.0,4.9,3.5,2.6,3.1,3.6
15-2051.00,Data Scientists,4.8,2.6,4.7,2.6,4.1,4.9,4.0,4.0,4.5,2.6,4.8,2.2,2.9,4.9,3.3,4.7,3.2,2.9,3.2,3.8
15-2051.00,Data Scientists,4.5,2.5,4.5,3.4,3.8,5.0,3.7,3.7,4.8,3.0,4.5,1.8,2.2,4.3,3.2,4.8,2.7,3.4,3.3,4.2
15-2051.00,Data Scientists,4.9,3.4,4.5,2.9,3.8,4.8,4.0,3.9,4.9,2.1,4.9,2.8,2.3,4.5,2.9,5.0,2.6,3.1,3.7,4.4
15-2051.00,Data Scientists,4.9,3.0,4.1,2.6,3.6,4.9,4.2,4.3,4.8,2.8,4.6,2.0,1.7,4.7,2.7,4.9,3.2,3.0,3.1,3.8
15-2051.00,Data Scientists,4.7,3.1,4.1,3.2,4.3,4.6,4.2,4.2,4.9,2.3,4.6,1.9,2.0,4.8,3.2,5.0,2.6,2.5,3.7,3.8
15-2051.00,Data Scientists,4.7,2.8,4.1,3.0,3.8,4.8,4.3,3.7,5.0,2.8,5.0,1.8,2.4,4.4,3.3,4.8,3.0,3.4,3.4,3.7
15-2051.00,Data Scientists,4.8,2.9,4.4,2.7,4.5,4.9,3.6,3.7,5.0,3.1,5.0,2.0,2.6,4.7,2.8,4.8,3.1,3.0,3.8,4.3
15-2051.00,Data Scientists,4.9,3.2,4.5,2.6,4.3,4.7,3.7,4.0,4.6,3.0,4.7,1.9,2.9,4.8,3.3,4.8,3.3,3.3,3.6,4.5
15-2051.00,Data Scientists,4.6,3.4,4.4,2.8,3.6,4.8,4.1,4.5,5.0,3.4,4.7,3.0,2.2,4.9,2.7,4.8,3.5,3.4,3.7,4.3
15-2051.00,Data Scientists,4.6,3.1,4.6,2.1,3.6,4.6,4.2,3.6,4.7,2.5,4.8,2.6,2.5,4.5,3.0,4.7,3.4,2.8,3.3,4.2
15-2051.00,Data Scientists,4.7,3.3,4.3,3.1,3.5,4.7,3.8,4.3,5.0,2.7,4.9,2.5,3.0,4.8,2.6,4.9,3.0,2.5,3.3,4.4
15-2051.00,Data Scientists,5.0,3.2,5.0,3.2,3.5,4.6,3.5,3.6,4.6,2.8,4.9,2.8,2.4,4.9,3.0,4.9,3.0,2.8,3.9,3.9
15-2051.00,Data Scientists,4.8,2.5,4.7,3.5,3.5,4.9,3.5,3.9,4.6,3.1,4.5,2.3,1.9,4.1,3.3,4.6,2.7,2.8,3.6,4.2
15-2051.00,Data Scientists,4.5,2.4,4.4,2.5,4.4,4.9,4.1,3.8,4.9,3.3,4.8,2.7,2.6,4.6,2.8,4.9,2.7,3.3,3.8,4.3
15-2051.00,Data Scientists,4.7,2.3,4.1,3.1,4.4,4.8,3.6,4.4,5.0,2.7,4.8,2.7,2.6,5.0,2.6,4.8,3.2,3.4,3.9,4.5
15-2051.00,Data Scientists,4.8,3.2,4.4,2.6,3.8,4.9,4.5,3.8,4.5,3.2,4.8,2.9,1.9,4.1,3.0,4.5,2.8,2.6,3.2,3.6
15-2051.00,Data Scientists,5.0,2.4,4.4,3.3,4.2,4.8,4.2,4.3,4.9,3.0,4.9,2.3,1.9,4.9,3.0,5.0,2.5,2.9,3.9,3.7
15-2051.00,Data Scientists,5.0,3.4,4.9,2.8,4.1,4.9,4.3,4.1,5.0,3.0,5.0,1.6,1.7,4.5,2.9,4.9,2.7,3.5,3.3,3.9
15-2051.00,Data Scientists,4.6,2.9,4.1,2.2,4.2,4.6,3.7,4.3,4.5,2.7,4.5,2.0,2.5,4.1,3.4,5.0,2.6,3.5,3.3,3.6
15-2051.00,Data Scientists,4.5,2.6,4.6,2.5,4.3,4.9,3.9,4.2,5.0,2.1,4.7,2.2,2.2,4.5,2.8,4.8,3.1,3.1,3.1,4.0
15-2051.00,Data Scientists,4.7,2.7,4.9,2.7,3.5,4.7,4.3,4.3,4.8,2.4,4.7,2.3,3.0,4.6,3.2,4.7,2.9,3.3,3.5,4.5
15-2051.00,Data Scientists,4.7,2.1,4.7,2.1,3.8,4.7,4.2,4.0,4.5,2.9,4.7,2.9,2.2,4.7,2.7,4.9,3.2,3.4,3.0,3.9
15-2051.00,Data Scientists,4.8,2.1,4.4,3.4,3.9,5.0,3.6,4.2,4.8,2.8,5.0,1.7,2.8,4.7,2.8,5.0,2.9,3.3,3.4,4.4
15-2051.00,Data Scientists,4.8,2.2,4.6,2.3,3.9,4.6,3.5,3.7,4.8,2.7,4.8,1.9,2.5,4.7,2.9,4.9,3.1,3.2,3.3,3.5
15-2051.00,Data Scientists,4.9,3.2,4.1,2.6,4.2,4.8,4.4,3.6,4.7,2.1,4.7,1.5,2.8,4.5,3.3,4.5,2.7,2.8,3.4,4.3
17-2061.00,Computer Hardware Engineers,4.4,3.8,3.1,3.1,4.8,4.4,4.1,4.2,3.2,3.7,3.6,3.1,2.6,3.1,3.0,4.3,2.5,2.7,3.4,3.1
17-2061.00,Computer Hardware Engineers,4.1,4.8,3.9,4.4,4.3,4.7,3.3,4.1,3.2,3.5,3.9,2.8,3.4,3.5,3.3,4.4,3.6,3.1,3.9,3.0
17-2061.00,Computer Hardware Engineers,4.7,4.0,3.3,3.8,4.5,4.1,3.3,3.9,3.6,4.0,2.7,2.0,3.5,4.4,3.5,5.0,3.5,2.6,3.1,3.9
17-2061.00,Computer Hardware Engineers,4.6,4.8,4.3,3.7,4.0,4.2,3.1,3.7,3.6,3.7,2.8,2.7,2.5,3.7,3.4,4.6,3.9,2.6,3.1,3.9
17-2061.00,Computer Hardware Engineers,4.5,4.6,3.3,4.2,4.9,4.6,3.2,4.4,4.2,4.6,2.6,3.2,2.2,3.3,3.6,4.3,3.5,3.1,3.1,3.7
17-2061.00,Computer Hardware Engineers,4.9,3.7,3.9,3.5,4.5,4.3,3.5,3.5,4.5,4.4,3.3,2.6,2.8,3.6,3.4,4.5,2.9,2.7,3.6,3.8
17-2061.00,Computer Hardware Engineers,4.2,3.5,3.4,4.5,4.8,4.6,4.4,3.9,4.5,3.9,2.9,3.0,2.6,3.9,3.3,4.6,2.9,2.6,3.9,3.9
17-2061.00,Computer Hardware Engineers,5.0,4.6,4.0,3.8,4.1,4.2,3.4,4.4,3.3,4.9,3.3,3.1,2.2,3.4,4.0,4.3,2.9,2.7,3.1,3.2
17-2061.00,Computer Hardware Engineers,4.6,4.2,3.8,3.2,4.8,4.8,3.0,3.9,3.1,4.7,3.6,3.4,2.4,3.7,3.2,4.4,3.3,2.6,3.7,3.5
17-2061.00,Computer Hardware Engineers,4.8,3.9,4.4,4.5,4.9,4.8,4.2,4.1,3.3,4.5,3.6,3.5,2.8,3.4,3.7,5.0,2.8,2.8,3.5,3.2
17-2061.00,Computer Hardware Engineers,4.0,4.0,4.3,3.1,4.4,4.8,4.4,4.5,3.6,4.9,2.6,3.1,3.0,3.4,3.5,4.1,3.8,2.9,3.6,3.2
17-2061.00,Computer Hardware Engineers,4.2,5.0,4.1,4.4,4.3,4.2,3.8,4.0,3.3,4.6,3.0,2.3,2.5,3.8,3.7,4.5,3.3,2.6,3.9,3.9
17-2061.00,Computer Hardware Engineers,4.7,3.5,3.8,3.9,5.0,5.0,4.3,3.6,4.4,4.4,3.7,2.6,2.5,3.7,3.1,4.4,3.8,2.5,3.2,3.1
17-2061.00,Computer Hardware Engineers,4.4,5.0,3.3,3.2,4.9,4.9,3.0,4.3,4.0,4.7,3.2,3.5,2.1,3.4,3.4,4.4,3.9,3.1,3.0,3.4
17-2061.00,Computer Hardware Engineers,4.4,4.9,3.9,4.0,4.7,4.8,4.0,3.7,4.3,4.6,3.6,3.5,3.2,4.2,4.0,4.2,3.2,3.1,3.3,3.8
17-2061.00,Computer Hardware Engineers,4.8,4.6,4.5,3.4,4.7,4.6,3.5,3.7,4.3,4.4,3.7,2.8,2.3,3.5,3.4,5.0,2.5,3.5,4.0,4.0
17-2061.00,Computer Hardware Engineers,4.5,4.9,3.6,3.0,4.2,4.9,3.0,4.0,3.1,3.9,2.6,3.3,2.9,4.4,3.7,5.0,3.3,3.1,3.6,3.5
17-2061.00,Computer Hardware Engineers,4.8,4.5,4.2,4.2,4.2,4.7,3.3,4.1,4.0,5.0,2.5,2.1,2.1,3.6,3.8,4.8,3.6,3.4,3.3,3.1
17-2061.00,Computer Hardware Engineers,4.1,4.8,4.1,4.0,4.3,4.4,4.4,3.6,4.2,4.0,2.6,3.1,2.5,4.1,3.7,4.5,3.7,3.1,3.3,3.7
17-2061.00,Computer Hardware Engineers,4.6,3.5,4.4,3.8,4.9,4.9,3.7,4.0,3.6,4.2,3.8,3.2,2.2,3.9,4.0,4.6,3.7,3.3,3.4,3.4
17-2061.00,Computer Hardware Engineers,4.7,4.2,3.9,4.1,4.8,4.3,3.2,3.8,3.8,4.0,3.4,2.1,2.8,3.6,3.5,4.4,2.9,3.4,3.2,3.7
17-2061.00,Computer Hardware Engineers,4.9,4.3,4.3,3.2,4.5,4.5,3.0,3.9,3.6,4.5,3.9,2.1,2.5,3.7,3.5,4.8,3.2,2.5,3.7,3.9
17-2061.00,Computer Hardware Engineers,4.5,4.4,3.2,3.3,4.2,4.4,4.4,4.0,3.3,3.9,3.1,2.9,2.7,3.6,3.6,4.2,2.6,2.5,3.3,3.1
17-2061.00,Computer Hardware Engineers,4.3,4.7,4.1,3.9,4.9,4.3,4.3,3.9,3.6,4.1,2.6,3.5,2.2,3.5,3.3,4.1,2.7,2.5,3.3,3.9
17-2061.00,Computer Hardware Engineers,4.3,3.7,4.0,4.5,4.2,4.3,4.5,3.7,3.8,3.9,3.9,3.5,3.2,3.5,3.4,4.2,3.8,3.4,3.4,3.7
17-2061.00,Computer Hardware Engineers,4.2,4.2,3.9,3.6,4.4,4.0,4.2,4.4,4.5,4.6,3.3,2.4,3.5,3.9,3.7,4.7,3.8,2.5,3.2,3.7
17-2061.00,Computer Hardware Engineers,4.9,4.5,3.6,3.5,4.7,4.7,3.9,3.8,4.4,4.3,3.7,2.3,2.5,4.3,3.1,4.5,3.2,3.3,3.3,3.2
17-2061.00,Computer Hardware Engineers,4.9,4.4,3.2,3.3,5.0,4.2,3.9,3.9,4.3,4.6,3.4,2.0,3.3,3.7,3.9,4.5,3.5,2.6,3.7,3.3
17-2061.00,Computer Hardware Engineers,4.4,3.7,3.2,3.3,4.3,4.9,3.6,4.2,3.1,4.4,3.2,3.5,3.3,3.7,3.8,4.2,3.3,2.6,3.3,3.2
17-2061.00,Computer Hardware Engineers,4.7,4.2,4.1,3.8,4.1,4.7,4.2,4.4,3.9,4.6,3.6,2.2,2.2,3.1,3.3,4.5,4.0,2.9,3.7,3.7
17-2061.00,Computer Hardware Engineers,4.2,3.6,3.8,4.1,5.0,4.4,4.3,3.9,4.0,4.4,2.6,2.1,2.0,3.6,3.7,4.2,3.4,2.8,3.8,3.8
17-2061.00,Computer Hardware Engineers,4.8,4.3,3.4,4.2,4.2,4.3,3.3,4.2,4.0,4.5,3.1,2.2,3.4,3.8,3.4,4.6,2.8,2.6,3.4,3.2
17-2061.00,Computer Hardware Engineers,4.2,4.8,3.8,3.7,4.7,5.0,3.2,4.3,3.9,3.7,2.9,2.7,3.0,3.4,3.5,4.7,3.2,3.4,3.9,3.5
17-2061.00,Computer Hardware Engineers,5.0,3.6,3.0,3.6,4.6,4.6,3.7,3.6,3.3,4.8,3.8,3.0,3.0,3.9,3.2,4.4,3.5,3.0,3.0,4.0
17-2061.00,Computer Hardware Engineers,4.8,3.9,3.9,4.4,4.1,4.5,3.7,3.9,4.3,4.1,2.6,2.1,2.1,3.6,3.7,4.2,3.5,3.2,3.3,3.6
17-2061.00,Computer Hardware Engineers,4.7,4.2,3.5,3.9,5.0,4.4,3.6,4.0,3.1,4.3,3.0,2.2,2.7,3.0,3.4,4.1,2.5,3.3,3.9,3.2
17-2061.00,Computer Hardware Engineers,4.5,3.9,3.7,3.7,4.3,4.7,3.2,3.6,4.2,4.5,3.2,2.7,2.7,3.7,3.4,4.5,3.3,3.2,3.7,3.4
17-2061.00,Computer Hardware Engineers,4.4,4.1,3.8,3.7,4.9,4.7,4.3,4.2,4.5,4.5,3.9,2.2,2.1,3.9,4.0,4.4,2.8,3.0,3.6,3.3
17-2061.00,Computer Hardware Engineers,4.7,5.0,4.3,3.4,4.3,4.4,3.6,3.6,4.1,4.0,3.8,3.4,2.0,4.5,3.7,4.5,3.1,3.0,3.3,3.6
17-2061.00,Computer Hardware Engineers,4.1,4.4,3.4,3.0,4.6,4.6,3.6,3.6,4.3,4.4,2.7,2.8,2.7,3.1,3.6,4.8,3.6,2.7,3.9,3.3
17-2061.00,Computer Hardware Engineers,4.9,3.6,3.7,3.9,4.2,4.8,3.9,3.5,3.9,4.2,2.8,3.5,3.3,3.4,3.5,4.3,3.7,3.4,3.4,3.8
17-2061.00,Computer Hardware Engineers,4.5,4.1,4.4,3.8,4.5,4.7,3.4,3.8,4.4,4.5,3.7,2.4,2.8,4.5,3.3,4.2,3.3,2.9,3.2,3.9
17-2061.00,Computer Hardware Engineers,5.0,4.4,4.2,4.3,4.7,4.0,3.2,3.6,3.0,4.0,3.1,2.4,2.1,3.8,3.3,4.8,2.5,3.3,4.0,3.7
17-2061.00,Computer Hardware Engineers,4.7,4.9,3.3,4.5,4.8,4.7,3.5,4.0,4.0,4.4,3.6,2.1,2.5,3.7,3.3,4.2,2.7,2.9,3.5,3.1
17-2061.00,Computer Hardware Engineers,4.9,4.6,4.1,3.3,4.6,4.5,4.5,4.2,3.9,4.8,2.7,2.0,3.0,3.1,3.1,4.7,2.9,3.1,3.9,3.3
17-2061.00,Computer Hardware Engineers,4.2,3.7,3.2,3.1,4.1,4.4,3.5,4.2,4.3,4.7,3.3,2.2,3.1,3.5,3.1,4.8,3.0,2.7,3.9,3.9
17-2061.00,Computer Hardware Engineers,4.3,4.0,3.9,4.1,4.1,4.6,4.4,3.8,4.4,4.9,2.9,3.1,2.4,4.1,3.8,4.2,3.6,3.3,3.4,3.2
17-2061.00,Computer Hardware Engineers,4.1,4.4,4.5,4.2,4.4,4.5,3.4,3.7,3.7,4.2,3.3,3.4,2.9,3.9,3.1,5.0,3.7,3.4,3.4,3.5
17-2061.00,Computer Hardware Engineers,4.5,3.8,4.0,4.4,4.2,4.1,4.1,3.8,3.9,4.5,3.0,3.2,2.8,4.3,3.8,4.9,2.5,2.7,3.1,3.4
17-2061.00,Computer Hardware Engineers,4.9,4.2,4.3,3.5,4.3,4.9,3.6,4.3,3.4,4.9,3.4,3.1,2.1,3.7,3.9,4.9,2.6,2.8,3.4,3.2
17-2072.00,"Electronics Engineers, Except Computer",4.7,3.8,3.5,4.0,4.5,4.7,4.4,3.6,4.1,3.8,3.1,2.0,2.2,3.5,3.3,4.9,3.6,3.5,3.6,3.2
17-2072.00,"Electronics Engineers, Except Computer",4.3,4.0,3.5,4.0,4.5,4.4,3.2,3.5,3.3,3.7,3.7,2.2,3.1,3.6,3.1,4.8,3.4,2.7,3.9,3.0
17-2072.00,"Electronics Engineers, Except Computer",4.2,4.6,4.1,3.4,4.1,4.9,3.5,3.7,3.8,4.9,2.6,3.1,2.9,3.6,3.7,5.0,2.8,2.6,3.9,3.7
17-2072.00,"Electronics Engineers, Except Computer",4.4,4.4,4.1,4.2,4.9,4.4,3.4,4.1,3.6,4.4,3.1,2.2,2.7,4.0,3.8,4.5,2.7,2.9,3.8,3.4
17-2072.00,"Electronics Engineers, Except Computer",4.7,4.3,3.4,4.2,4.1,4.5,3.3,3.6,3.8,4.2,3.6,3.1,3.1,3.6,3.6,4.6,3.1,3.1,3.9,3.2
17-2072.00,"Electronics Engineers, Except Computer",4.9,3.6,3.5,3.4,4.6,4.1,4.3,4.3,4.0,4.2,3.9,3.2,2.7,4.1,3.6,4.6,3.0,3.0,3.1,3.4
17-2072.00,"Electronics Engineers, Except Computer",4.7,4.9,4.4,3.8,4.6,4.2,4.0,3.6,3.4,4.5,3.0,2.1,3.2,3.5,3.1,4.1,2.9,2.7,3.8,3.3
17-2072.00,"Electronics Engineers, Except Computer",4.8,3.8,3.7,4.0,4.7,4.6,4.4,3.7,3.7,4.8,2.6,2.1,2.3,3.9,3.3,4.2,3.2,3.1,3.2,3.3
17-2072.00,"Electronics Engineers, Except Computer",4.6,4.9,4.0,4.2,4.4,4.3,3.7,4.3,3.7,4.8,4.0,2.1,2.1,3.2,3.4,4.1,3.8,2.5,3.3,3.2
17-2072.00,"Electronics Engineers, Except Computer",4.9,4.5,4.4,4.5,4.5,4.2,3.3,3.7,4.1,3.6,2.6,2.9,3.0,4.0,3.4,4.8,3.3,2.6,3.8,4.0
17-2072.00,"Electronics Engineers, Except Computer",4.1,4.1,3.7,3.2,4.9,4.3,4.2,4.2,3.9,3.8,2.8,2.1,2.4,3.5,3.8,4.4,3.6,2.9,3.8,4.0
17-2072.00,"Electronics Engineers, Except Computer",4.2,4.8,3.9,4.2,4.7,4.4,3.3,3.6,3.8,5.0,3.6,2.5,3.2,4.2,3.3,4.0,2.7,3.4,3.8,3.3
17-2072.00,"Electronics Engineers, Except Computer",4.3,4.7,4.4,4.2,4.6,4.2,3.8,3.7,4.2,4.1,3.8,2.6,3.2,3.5,3.4,4.6,2.6,3.4,3.6,3.5
17-2072.00,"Electronics Engineers, Except Computer",4.8,4.8,3.8,4.4,4.1,4.1,3.9,3.9,3.7,4.0,3.1,3.2,2.9,4.5,3.8,4.3,2.9,2.8,3.8,3.0
17-2072.00,"Electronics Engineers, Except Computer",4.2,4.9,4.0,3.3,4.2,4.9,4.3,3.8,3.6,4.8,3.7,3.2,2.8,4.4,3.3,4.2,3.6,3.0,3.9,3.1
17-2072.00,"Electronics Engineers, Except Computer",4.8,3.9,4.0,3.1,4.6,4.7,3.6,3.7,3.8,4.7,3.0,2.4,2.4,4.4,3.4,4.0,3.7,3.2,3.1,4.0
17-2072.00,"Electronics Engineers, Except Computer",4.6,4.3,3.6,4.3,4.2,4.3,3.2,4.3,3.9,4.4,2.8,3.0,3.1,3.5,3.8,4.3,3.6,2.5,3.6,4.0
17-2072.00,"Electronics Engineers, Except Computer",5.0,3.9,3.7,3.1,4.9,4.6,3.6,3.6,4.4,4.3,2.9,2.5,2.4,3.9,3.9,4.9,3.2,3.3,3.4,3.3
17-2072.00,"Electronics Engineers, Except Computer",5.0,4.0,3.5,4.5,4.1,4.8,4.4,4.0,3.0,4.1,2.7,2.6,3.2,3.7,3.4,4.6,3.4,3.4,3.3,3.8
17-2072.00,"Electronics Engineers, Except Computer",4.6,4.0,3.4,3.5,4.6,4.2,4.4,4.1,4.4,3.6,3.0,2.0,2.4,4.3,3.0,4.4,2.7,2.9,3.8,3.6
17-2072.00,"Electronics Engineers, Except Computer",4.7,4.0,4.4,4.1,4.4,4.4,4.4,4.1,4.1,4.1,2.8,3.1,2.9,3.8,3.6,4.2,3.7,3.4,3.9,3.3
17-2072.00,"Electronics Engineers, Except Computer",4.4,4.7,3.9,3.8,4.9,4.5,3.8,3.5,3.1,3.5,3.9,2.6,2.7,4.3,3.6,4.6,2.9,3.3,3.2,3.1
17-2072.00,"Electronics Engineers, Except Computer",4.2,3.9,3.4,4.0,4.2,4.7,3.1,3.6,3.8,4.9,3.8,3.5,3.0,4.0,3.6,4.6,2.7,3.0,3.4,3.4
17-2072.00,"Electronics Engineers, Except Computer",4.5,3.7,3.5,3.1,5.0,4.1,3.4,4.4,3.7,3.7,3.1,2.2,2.3,3.1,3.4,4.8,3.4,3.1,3.2,3.3
17-2072.00,"Electronics Engineers, Except Computer",4.8,3.6,4.3,3.7,4.8,4.3,3.5,4.3,4.2,3.8,4.0,2.1,2.1,3.9,3.7,5.0,3.1,2.5,3.6,3.3
17-2072.00,"Electronics Engineers, Except Computer",4.4,4.2,3.1,3.7,4.4,4.7,4.0,3.7,3.3,3.9,2.8,3.0,3.5,4.0,3.6,4.4,3.0,3.4,4.0,3.5
17-2072.00,"Electronics Engineers, Except Computer",4.3,4.7,3.2,4.1,4.8,4.1,4.5,4.5,4.4,4.2,2.9,2.9,2.6,3.3,3.4,4.7,2.6,2.8,3.0,3.7
17-2072.00,"Electronics Engineers, Except Computer",4.6,3.6,4.4,3.0,4.6,4.8,4.2,3.5,4.4,4.9,3.3,2.7,2.1,3.8,3.4,4.8,3.1,3.2,3.1,3.1
17-2072.00,"Electronics Engineers, Except Computer",4.1,3.6,3.8,4.2,4.6,4.6,4.0,3.8,3.5,4.0,3.6,2.2,2.0,3.9,3.9,4.6,3.7,3.2,3.5,3.7
17-2072.00,"Electronics Engineers, Except Computer",4.8,3.8,3.5,3.3,4.5,4.9,3.5,3.9,4.3,4.3,3.3,3.3,2.7,4.0,3.1,4.2,3.1,3.0,4.0,4.0
17-2072.00,"Electronics Engineers, Except Computer",4.9,4.0,4.4,4.0,4.4,4.7,3.0,3.6,4.2,4.5,3.0,2.8,3.4,3.9,3.4,4.1,2.9,3.5,3.4,3.5
17-2072.00,"Electronics Engineers, Except Computer",4.5,4.8,3.9,4.0,4.4,4.0,4.4,4.4,4.4,4.9,3.7,3.0,3.3,3.9,3.1,4.4,4.0,2.9,3.9,3.1
17-2072.00,"Electronics Engineers, Except Computer",4.3,4.0,3.1,3.2,4.2,4.8,3.1,3.8,3.0,4.5,3.4,3.0,2.6,3.3,3.7,4.8,2.7,3.0,3.2,3.2
17-2072.00,"Electronics Engineers, Except Computer",4.7,4.3,3.3,3.5,5.0,4.8,4.3,4.0,3.9,4.1,2.6,2.6,2.9,3.4,3.8,4.2,3.1,2.6,3.4,3.0
17-2072.00,"Electronics Engineers, Except Computer",4.3,4.1,3.7,3.8,4.3,4.5,3.8,3.8,4.2,4.3,3.0,3.4,3.3,4.5,3.7,4.4,2.9,3.2,4.0,3.6
17-2072.00,"Electronics Engineers, Except Computer",4.9,4.0,3.6,4.4,4.8,5.0,4.2,3.9,3.8,4.9,3.3,2.4,2.7,3.8,3.1,4.7,2.7,2.9,3.8,3.5
17-2072.00,"Electronics Engineers, Except Computer",4.8,4.0,4.4,3.3,4.0,4.9,4.1,3.7,4.5,4.3,3.9,2.8,2.7,3.7,3.3,4.5,3.2,2.5,3.3,3.2
17-2072.00,"Electronics Engineers, Except Computer",4.9,4.4,4.1,4.4,4.6,5.0,3.5,3.7,3.6,4.2,3.8,2.8,2.4,4.1,3.5,4.2,3.4,3.4,3.8,3.6
17-2072.00,"Electronics Engineers, Except Computer",4.4,3.6,3.7,4.1,4.4,4.2,4.4,4.3,4.0,3.7,2.7,2.2,2.9,3.2,3.8,5.0,3.0,3.0,3.7,3.9
17-2072.00,"Electronics Engineers, Except Computer",4.9,3.6,3.3,4.1,4.7,4.1,3.8,4.3,3.3,4.8,2.6,3.2,2.9,3.5,3.7,4.8,3.9,2.9,3.7,3.6
17-2072.00,"Electronics Engineers, Except Computer",4.5,4.8,3.0,3.4,4.5,4.2,4.4,4.1,3.7,4.7,3.2,2.8,2.0,3.5,3.1,4.7,3.2,2.8,3.5,3.2
17-2072.00,"Electronics Engineers, Except Computer",4.9,3.6,4.3,3.8,4.6,4.3,4.5,3.8,3.9,5.0,3.8,2.8,3.5,4.1,3.2,4.4,3.0,2.8,3.8,3.6
17-2072.00,"Electronics Engineers, Except Computer",4.0,4.8,3.4,4.5,5.0,4.9,4.2,3.7,3.8,3.8,2.9,2.9,2.1,4.5,3.9,4.4,3.3,3.0,3.9,3.7
17-2072.00,"Electronics Engineers, Except Computer",4.3,4.2,3.6,4.4,4.2,4.1,4.3,4.4,4.3,4.3,3.5,2.8,2.1,3.9,3.0,4.3,3.9,2.8,3.9,3.3
17-2072.00,"Electronics Engineers, Except Computer",4.3,4.4,4.1,3.8,4.9,4.0,4.4,3.7,4.3,4.1,3.7,3.0,2.3,4.4,3.2,4.2,3.7,2.6,3.2,3.5
17-2072.00,"Electronics Engineers, Except Computer",4.8,3.7,3.8,4.1,4.9,4.9,4.2,4.2,3.7,3.7,3.6,3.5,3.1,3.0,3.5,4.6,3.5,3.2,3.6,3.2
17-2072.00,"Electronics Engineers, Except Computer",4.9,4.5,3.4,3.5,4.9,4.9,3.6,3.5,3.1,3.9,3.4,2.9,3.0,4.1,3.0,4.1,3.0,2.7,3.1,3.6
17-2072.00,"Electronics Engineers, Except Computer",4.8,4.6,4.2,4.0,4.7,4.3,4.5,3.7,3.3,3.9,4.0,3.5,3.2,3.9,3.5,5.0,3.5,3.4,3.3,3.3
17-2072.00,"Electronics Engineers, Except Computer",4.9,3.7,4.4,3.8,4.9,4.3,4.1,4.0,3.9,4.3,4.0,3.0,2.4,4.4,3.3,4.4,2.7,3.4,3.3,3.3
17-2072.00,"Electronics Engineers, Except Computer",4.9,4.7,3.2,4.2,4.9,4.1,4.2,4.0,4.0,4.2,3.5,2.1,3.1,3.1,3.5,4.2,3.7,2.8,3.5,3.4
25-1021.00,"Computer Science Teachers, Postsecondary",4.8,4.2,4.2,3.1,4.2,4.6,4.4,3.6,3.1,3.7,3.5,2.6,3.2,3.1,3.2,4.3,3.4,3.2,3.1,3.9
25-1021.00,"Computer Science Teachers, Postsecondary",4.3,4.6,3.8,3.3,4.8,4.8,3.6,4.1,3.4,4.5,3.0,3.3,2.3,3.0,3.3,4.2,3.3,2.7,3.8,3.2
25-1021.00,"Computer Science Teachers, Postsecondary",4.7,4.4,4.5,4.5,4.9,4.8,3.6,4.3,4.4,3.5,3.3,2.3,2.8,3.7,3.6,4.6,3.9,3.1,3.8,3.3
25-1021.00,"Computer Science Teachers, Postsecondary",4.4,4.2,3.4,3.6,4.6,4.6,4.0,3.9,3.5,4.4,2.7,2.4,2.1,3.1,3.2,4.0,2.9,3.2,3.1,3.4
25-1021.00,"Computer Science Teachers, Postsecondary",4.9,4.7,3.5,4.4,4.3,4.1,4.5,4.4,3.7,4.5,3.5,2.3,2.3,3.7,3.9,4.0,3.7,2.6,3.5,3.6
25-1021.00,"Computer Science Teachers, Postsecondary",4.7,3.6,3.6,3.9,4.1,4.1,4.0,4.0,3.2,4.3,3.9,2.0,3.0,3.1,3.0,4.2,3.1,3.3,3.3,3.6
25-1021.00,"Computer Science Teachers, Postsecondary",4.4,3.9,3.8,4.2,4.8,4.8,3.5,4.3,3.3,4.6,3.9,2.0,2.7,4.0,3.7,4.2,4.0,3.1,3.2,3.0
25-1021.00,"Computer Science Teachers, Postsecondary",4.8,3.6,3.2,3.9,4.6,4.7,3.6,4.3,4.5,3.9,3.6,3.4,3.0,4.0,3.2,4.5,3.3,3.2,4.0,3.0
25-1021.00,"Computer Science Teachers, Postsecondary",4.1,3.6,4.1,3.2,4.6,4.3,3.7,3.7,4.3,4.4,3.9,2.9,2.2,3.3,4.0,4.7,2.6,3.2,3.4,3.3
25-1021.00,"Computer Science Teachers, Postsecondary",4.2,4.8,3.1,3.4,4.3,4.2,3.8,3.5,3.5,4.9,3.0,2.5,2.7,3.8,3.8,4.2,3.8,3.3,3.7,3.1
25-1021.00,"Computer Science Teachers, Postsecondary",4.0,4.4,4.3,3.9,4.2,4.1,4.0,4.2,3.3,3.5,3.1,2.9,3.1,4.2,3.6,4.1,3.5,3.5,3.9,3.9
25-1021.00,"Computer Science Teachers, Postsecondary",4.3,4.6,4.3,4.0,4.3,5.0,3.7,3.6,3.2,4.5,3.2,2.1,3.1,4.2,3.7,4.2,3.5,2.5,3.3,3.4
25-1021.00,"Computer Science Teachers, Postsecondary",4.8,4.1,3.0,3.5,4.5,4.9,4.4,3.7,3.3,3.7,3.7,2.0,2.2,3.8,3.2,4.1,3.0,2.8,3.5,4.0
25-1021.00,"Computer Science Teachers, Postsecondary",4.1,4.1,4.4,4.3,4.4,4.7,3.1,4.2,4.5,4.3,3.2,2.3,3.0,3.9,3.7,4.0,3.3,3.1,3.2,3.2
25-1021.00,"Computer Science Teachers, Postsecondary",4.3,4.6,3.9,4.3,4.3,4.9,4.1,3.9,3.1,3.9,3.9,2.5,2.5,3.3,3.8,4.3,3.0,2.9,3.4,3.4
25-1021.00,"Computer Science Teachers, Postsecondary",4.5,4.7,4.2,4.2,4.1,4.8,3.2,3.6,4.4,4.7,3.3,3.3,3.5,3.9,3.6,4.8,2.8,2.7,3.8,3.3
25-1021.00,"Computer Science Teachers, Postsecondary",4.1,4.0,3.5,4.4,4.7,4.5,4.5,4.4,3.8,4.9,3.1,2.3,2.3,4.0,3.5,4.7,3.5,2.5,3.1,3.5
25-1021.00,"Computer Science Teachers, Postsecondary",4.2,4.4,3.8,3.9,4.3,4.6,4.2,4.5,4.3,4.3,2.8,3.0,3.4,3.3,3.3,4.1,3.6,2.9,3.1,3.9
25-1021.00,"Computer Science Teachers, Postsecondary",4.6,4.0,3.5,3.4,4.5,4.3,3.8,4.3,4.0,3.9,3.3,3.3,2.1,3.1,3.6,4.6,2.8,3.2,3.6,3.9
25-1021.00,"Computer Science Teachers, Postsecondary",4.2,4.6,3.1,3.8,4.6,4.4,4.3,3.5,3.8,3.8,3.6,2.1,3.2,4.3,3.8,4.2,3.4,2.5,3.8,3.7
25-1021.00,"Computer Science Teachers, Postsecondary",4.5,4.6,3.1,3.8,4.3,5.0,4.3,4.2,4.4,4.0,3.9,2.5,3.1,4.1,3.0,4.4,2.5,3.5,3.1,3.5
25-1021.00,"Computer Science Teachers, Postsecondary",4.8,3.8,3.7,3.9,4.2,4.8,3.4,3.7,3.8,4.1,3.9,3.3,2.7,3.5,3.3,4.3,3.3,3.3,3.3,3.2
25-1021.00,"Computer Science Teachers, Postsecondary",4.5,3.6,4.1,3.8,4.5,4.3,4.4,3.6,4.3,4.1,3.8,3.1,2.2,4.2,3.7,4.0,2.7,3.1,3.7,3.7
25-1021.00,"Computer Science Teachers, Postsecondary",4.7,4.5,4.1,3.9,4.3,4.9,3.0,3.9,4.1,4.1,2.5,2.1,3.0,4.4,3.6,4.5,3.0,2.8,3.0,3.3
25-1021.00,"Computer Science Teachers, Postsecondary",4.4,3.8,3.1,4.1,4.9,4.9,3.9,3.6,4.1,3.7,3.5,3.2,3.1,4.4,3.7,4.7,2.9,3.4,3.2,3.9
25-1021.00,"Computer Science Teachers, Postsecondary",4.3,3.7,4.2,3.0,4.8,4.3,4.3,4.2,4.0,4.0,2.6,3.2,2.3,3.6,3.6,4.5,2.8,2.6,3.1,3.9
25-1021.00,"Computer Science Teachers, Postsecondary",4.0,5.0,3.3,3.2,4.6,4.1,3.9,4.4,3.1,4.7,3.1,2.2,2.3,4.4,3.1,4.9,3.3,2.5,3.5,3.8
25-1021.00,"Computer Science Teachers, Postsecondary",4.7,4.2,4.3,3.2,4.9,4.8,4.1,4.3,3.8,4.5,3.3,2.5,2.9,3.4,3.4,4.3,2.7,2.8,3.9,3.4
25-1021.00,"Computer Science Teachers, Postsecondary",4.7,3.8,3.6,3.2,4.1,4.6,3.9,3.7,3.7,4.8,2.8,2.0,3.0,3.1,4.0,4.6,3.2,2.9,3.6,3.1
25-1021.00,"Computer Science Teachers, Postsecondary",4.9,4.4,3.3,3.8,4.1,4.0,3.9,4.1,3.9,3.8,3.4,2.1,2.9,3.8,3.7,4.9,3.8,3.5,4.0,3.8
25-1021.00,"Computer Science Teachers, Postsecondary",5.0,4.8,4.1,3.1,4.0,4.8,3.7,4.3,3.5,4.1,3.6,3.4,2.1,4.3,3.8,4.3,3.0,2.5,3.0,3.5
25-1021.00,"Computer Science Teachers, Postsecondary",4.1,3.8,4.3,3.9,4.6,4.2,4.2,4.4,3.8,4.9,3.8,3.1,3.1,3.2,3.3,4.1,2.5,2.7,3.9,3.2
25-1021.00,"Computer Science Teachers, Postsecondary",5.0,4.4,3.4,3.7,4.2,5.0,4.3,3.5,4.4,4.6,2.6,3.0,3.0,3.3,3.8,4.1,3.2,2.5,4.0,3.8
25-1021.00,"Computer Science Teachers, Postsecondary",4.2,4.0,3.2,4.1,4.1,4.8,4.4,4.2,3.3,4.0,3.2,2.9,3.0,3.8,3.4,4.9,2.6,3.0,3.8,3.1
25-1021.00,"Computer Science Teachers, Postsecondary",4.7,4.7,4.0,3.0,4.2,4.3,3.4,4.5,4.0,3.9,3.9,3.1,2.4,3.6,3.2,5.0,3.3,3.4,3.3,3.9
25-1021.00,"Computer Science Teachers, Postsecondary",4.1,5.0,4.4,3.5,4.8,4.8,4.4,3.8,3.7,4.8,3.7,2.6,3.3,3.1,3.8,4.2,2.9,3.0,3.4,3.5
25-1021.00,"Computer Science Teachers, Postsecondary",4.5,4.0,3.3,4.2,4.4,4.5,4.0,4.4,4.1,3.6,3.8,3.5,2.7,4.5,3.5,4.5,3.0,3.2,3.2,3.1
25-1021.00,"Computer Science Teachers, Postsecondary",4.0,3.9,3.6,3.8,4.3,5.0,3.4,3.9,3.2,3.9,2.6,2.8,3.1,3.3,3.4,4.0,3.8,3.3,3.1,3.4
25-1021.00,"Computer Science Teachers, Postsecondary",5.0,4.1,3.8,3.5,4.6,5.0,4.5,4.3,3.6,4.2,3.0,3.5,3.1,3.7,3.0,4.5,4.0,3.0,3.2,3.0
25-1021.00,"Computer Science Teachers, Postsecondary",4.4,4.9,4.5,4.4,4.7,4.6,3.9,4.0,4.1,4.1,3.5,2.2,2.4,4.3,3.9,4.5,2.5,3.4,3.7,3.4
25-1021.00,"Computer Science Teachers, Postsecondary",4.6,4.1,3.7,4.3,4.2,4.1,3.0,3.8,3.2,3.8,2.5,2.3,2.5,3.0,3.6,4.6,2.6,3.1,4.0,3.9
25-1021.00,"Computer Science Teachers, Postsecondary",4.0,4.7,3.5,3.1,4.3,4.3,3.8,4.2,4.1,3.9,3.0,2.5,2.5,4.5,3.8,5.0,3.5,2.9,3.4,3.5
25-1021.00,"Computer Science Teachers, Postsecondary",4.4,4.7,3.7,3.4,4.8,4.9,3.6,4.2,3.1,4.3,2.6,2.0,2.9,3.5,3.7,4.9,2.7,3.2,3.5,3.1
25-1021.00,"Computer Science Teachers, Postsecondary",4.7,4.4,3.8,4.4,4.5,5.0,3.8,3.6,3.7,3.8,3.4,3.0,2.7,3.1,3.5,4.1,3.5,3.3,4.0,3.1
25-1021.00,"Computer Science Teachers, Postsecondary",4.5,4.4,4.4,3.9,4.1,4.4,4.0,4.2,4.3,3.8,3.9,2.1,3.5,4.3,3.7,4.7,2.6,2.5,3.1,3.1
25-1021.00,"Computer Science Teachers, Postsecondary",4.5,3.8,4.3,3.7,4.7,4.7,3.5,3.7,3.5,4.7,3.4,2.4,3.2,3.1,3.7,4.4,3.6,3.4,3.8,3.4
25-1021.00,"Computer Science Teachers, Postsecondary",4.2,4.7,3.7,3.1,4.7,4.3,3.1,4.4,3.7,3.9,3.6,3.3,2.0,4.0,3.8,4.2,3.2,2.6,3.7,3.8
25-1021.00,"Computer Science Teachers, Postsecondary",4.1,4.7,4.2,3.5,4.7,4.0,4.4,4.1,3.9,4.5,3.3,3.3,2.9,4.4,3.6,4.2,3.9,3.2,3.7,4.0
25-1021.00,"Computer Science Teachers, Postsecondary",4.1,4.1,3.4,3.9,4.8,5.0,3.7,4.3,4.4,4.5,2.9,2.9,3.5,4.5,3.6,4.9,2.8,2.7,4.0,3.1
25-1021.00,"Computer Science Teachers, Postsecondary",4.2,4.1,3.9,3.9,4.3,4.9,4.4,3.9,3.7,4.6,3.5,2.6,2.6,3.5,3.2,4.5,3.5,3.2,3.8,3.4
43-9071.00,"Office Machine Operators, Except Computer",4.8,3.5,3.7,4.2,4.6,4.5,4.0,4.4,3.8,4.7,4.0,3.1,2.9,3.1,3.4,4.6,3.7,2.9,4.0,3.3
43-9071.00,"Office Machine Operators, Except Computer",4.7,4.1,3.7,4.2,4.3,4.1,3.8,4.0,4.2,5.0,2.6,2.9,3.0,4.5,3.9,4.7,3.3,2.7,3.4,3.6
43-9071.00,"Office Machine Operators, Except Computer",4.7,4.5,4.1,3.6,4.7,4.1,3.2,3.7,4.3,3.6,3.7,2.4,2.7,4.4,3.6,4.2,2.9,3.4,3.4,3.6
43-9071.00,"Office Machine Operators, Except Computer",4.5,4.1,3.3,4.0,4.7,4.3,4.2,4.4,4.4,3.7,3.0,3.3,2.3,3.0,3.9,4.3,3.1,2.9,3.8,3.3
43-9071.00,"Office Machine Operators, Except Computer",4.9,4.4,3.8,3.5,4.2,4.6,3.7,4.4,3.7,4.3,3.1,3.2,2.6,3.4,3.9,4.6,3.4,3.1,3.7,3.3
43-9071.00,"Office Machine Operators, Except Computer",4.0,4.7,3.2,4.1,4.1,4.4,3.1,4.0,4.0,3.8,3.1,3.4,2.7,4.2,3.9,5.0,3.8,2.8,4.0,3.8
43-9071.00,"Office Machine Operators, Except Computer",4.8,3.5,4.4,4.2,4.8,4.1,3.3,4.5,3.8,4.1,3.8,2.1,2.6,3.6,3.3,4.3,2.8,2.7,3.6,3.9
43-9071.00,"Office Machine Operators, Except Computer",4.5,3.9,3.2,4.2,5.0,4.3,3.4,4.1,4.2,4.2,3.4,3.1,3.4,3.2,4.0,4.4,3.6,3.1,3.5,3.7
43-9071.00,"Office Machine Operators, Except Computer",4.4,3.7,3.7,3.8,4.2,4.9,3.3,3.9,3.2,4.3,3.0,2.7,2.3,3.1,3.8,4.6,3.0,2.5,3.9,3.2
43-9071.00,"Office Machine Operators, Except Computer",4.9,4.2,3.5,4.1,4.9,4.4,3.6,3.9,4.4,4.5,2.9,2.3,2.3,3.4,3.2,4.7,2.7,2.9,3.6,3.3
43-9071.00,"Office Machine Operators, Except Computer",4.1,3.6,3.2,4.3,4.7,4.1,3.6,3.8,3.9,4.3,3.2,2.5,2.2,4.1,3.9,4.9,2.6,3.2,3.7,3.9
43-9071.00,"Office Machine Operators, Except Computer",4.3,4.6,3.1,3.9,4.4,4.8,4.3,3.9,3.8,3.7,3.1,2.5,2.3,4.3,3.1,4.6,3.8,3.4,3.8,3.2
43-9071.00,"Office Machine Operators, Except Computer",4.8,3.9,4.4,4.1,4.8,4.1,3.9,4.3,4.3,3.5,3.9,2.1,2.9,4.0,3.1,4.0,3.7,2.9,3.1,3.8
43-9071.00,"Office Machine Operators, Except Computer",4.8,4.4,3.2,3.0,4.7,4.6,4.0,4.3,3.7,3.7,3.9,2.8,2.9,4.4,3.9,4.6,2.9,3.5,3.7,3.4
43-9071.00,"Office Machine Operators, Except Computer",4.6,4.1,4.3,3.7,4.8,4.8,4.2,4.2,4.3,4.1,2.7,3.3,2.7,3.2,3.1,4.2,3.6,3.2,3.2,3.8
43-9071.00,"Office Machine Operators, Except Computer",4.3,4.7,3.7,4.1,4.4,4.3,4.3,3.5,4.5,4.5,3.1,2.9,2.2,3.8,4.0,4.2,3.6,2.9,3.7,3.2
43-9071.00,"Office Machine Operators, Except Computer",4.5,5.0,3.3,4.0,4.6,4.6,3.9,4.0,3.0,4.9,3.7,2.3,2.6,4.2,4.0,5.0,3.8,2.7,3.9,3.9
43-9071.00,"Office Machine Operators, Except Computer",4.4,4.1,3.7,4.0,4.3,4.0,3.2,3.9,3.4,4.6,2.7,3.4,3.3,4.4,3.7,4.1,3.2,2.6,4.0,3.3
43-9071.00,"Office Machine Operators, Except Computer",4.6,4.7,4.4,4.1,4.7,4.5,3.9,3.6,4.3,4.3,2.6,3.4,2.7,4.3,3.9,4.8,2.6,2.7,3.9,3.9
43-9071.00,"Office Machine Operators, Except Computer",4.5,4.2,3.3,4.5,4.2,4.2,4.0,3.7,4.4,3.5,2.5,2.8,2.7,3.2,3.5,4.4,3.8,2.5,4.0,3.6
43-9071.00,"Office Machine Operators, Except Computer",4.2,3.6,3.8,3.4,4.3,4.2,4.0,4.1,3.1,4.3,3.7,2.1,3.3,3.9,4.0,4.1,4.0,3.1,3.6,3.5
43-9071.00,"Office Machine Operators, Except Computer",4.0,4.9,4.0,3.1,4.0,4.1,3.9,4.1,3.7,4.0,3.3,2.8,2.0,3.4,3.1,4.9,3.6,3.5,3.3,3.9
43-9071.00,"Office Machine Operators, Except Computer",4.6,4.2,3.3,4.1,4.9,4.2,3.3,4.2,4.5,4.6,2.9,2.6,2.6,4.3,3.8,4.6,2.9,3.4,3.7,4.0
43-9071.00,"Office Machine Operators, Except Computer",4.6,4.7,4.2,3.5,5.0,4.0,4.2,4.5,3.5,4.5,3.3,3.1,3.3,3.9,3.8,4.3,2.8,2.9,3.7,3.2
43-9071.00,"Office Machine Operators, Except Computer",4.7,4.1,4.2,3.1,4.7,4.6,4.4,4.2,4.2,4.9,3.5,2.4,3.3,4.1,3.4,4.7,3.8,3.5,4.0,3.3
43-9071.00,"Office Machine Operators, Except Computer",4.4,3.7,3.4,4.3,4.4,4.6,4.0,4.3,3.3,4.0,3.2,2.5,3.5,4.3,3.5,4.9,3.0,3.3,3.2,3.8
43-9071.00,"Office Machine Operators, Except Computer",4.5,3.7,3.4,3.6,4.7,4.1,4.0,4.2,4.0,4.6,2.8,2.9,3.4,3.9,3.6,4.7,3.0,3.2,3.9,3.0
43-9071.00,"Office Machine Operators, Except Computer",4.9,3.8,3.7,4.3,4.8,4.9,4.4,3.9,4.0,4.1,3.0,2.6,3.1,3.8,3.8,4.7,2.5,3.1,3.4,3.5
43-9071.00,"Office Machine Operators, Except Computer",4.8,4.3,4.3,4.1,4.6,4.8,3.1,3.5,3.1,4.2,2.9,3.5,2.8,4.0,3.3,4.3,3.0,3.2,3.5,3.5
43-9071.00,"Office Machine Operators, Except Computer",4.6,4.7,3.1,4.2,4.6,4.7,3.5,3.9,3.3,5.0,3.2,3.5,2.7,3.3,3.5,4.0,3.9,3.3,3.7,3.6
43-9071.00,"Office Machine Operators, Except Computer",4.6,5.0,3.4,4.2,4.6,5.0,4.2,4.5,3.9,3.8,3.3,3.1,3.2,3.0,3.5,4.2,3.8,2.7,3.7,3.3
43-9071.00,"Office Machine Operators, Except Computer",4.4,4.9,3.4,3.1,4.1,4.5,4.0,3.8,4.0,3.6,3.8,3.2,3.5,4.4,3.4,4.4,3.6,2.6,3.3,3.1
43-9071.00,"Office Machine Operators, Except Computer",4.5,4.3,3.3,3.0,4.7,4.0,4.5,3.7,4.0,4.2,2.6,2.7,2.8,4.3,3.7,4.1,2.8,2.8,3.1,3.5
43-9071.00,"Office Machine Operators, Except Computer",5.0,4.3,4.1,4.0,4.8,4.2,4.1,4.4,3.3,4.0,4.0,3.2,2.4,3.8,3.4,4.5,3.0,2.8,3.7,3.8
43-9071.00,"Office Machine Operators, Except Computer",4.9,3.7,4.2,3.4,4.4,4.9,3.7,3.7,3.2,4.2,3.6,3.5,3.2,4.3,3.7,4.9,2.6,3.4,3.4,3.9
43-9071.00,"Office Machine Operators, Except Computer",4.1,4.6,4.1,4.5,4.8,4.4,3.8,3.9,3.3,3.9,2.8,2.8,3.4,4.4,3.1,4.1,2.9,2.8,3.1,3.4
43-9071.00,"Office Machine Operators, Except Computer",4.6,4.4,3.8,3.5,4.7,4.8,3.5,3.6,3.4,3.7,3.2,2.2,2.7,3.3,3.7,4.0,3.3,2.7,3.0,3.9
43-9071.00,"Office Machine Operators, Except Computer",4.7,3.6,4.0,3.9,4.5,4.4,4.3,3.7,3.6,4.0,3.7,3.4,3.3,4.2,4.0,4.7,3.6,3.5,3.0,3.6
43-9071.00,"Office Machine Operators, Except Computer",4.7,4.9,4.3,4.3,4.9,4.5,3.0,3.5,3.8,4.2,3.2,2.6,3.4,3.5,3.9,4.9,3.2,2.9,3.8,3.7
43-9071.00,"Office Machine Operators, Except Computer",4.3,3.7,3.4,3.2,4.3,4.3,4.0,4.5,4.0,4.9,3.7,3.1,2.6,3.5,3.8,4.9,3.2,2.5,3.8,3.3
43-9071.00,"Office Machine Operators, Except Computer",4.0,4.7,3.8,4.0,4.9,4.5,3.8,3.8,3.5,4.7,3.2,2.2,2.1,3.7,3.5,4.7,3.2,2.6,3.5,3.9
43-9071.00,"Office Machine Operators, Except Computer",4.2,4.5,3.9,4.1,4.2,4.9,3.9,4.3,3.4,4.6,3.7,2.6,2.6,4.0,3.1,4.7,2.6,2.7,3.7,3.1
43-9071.00,"Office Machine Operators, Except Computer",5.0,4.8,3.9,4.2,4.9,4.3,4.3,3.7,3.6,4.3,3.6,2.0,2.4,3.9,3.4,4.8,3.5,2.7,3.1,3.6
43-9071.00,"Office Machine Operators, Except Computer",4.5,3.8,3.5,3.5,4.1,4.5,4.1,4.1,4.2,3.7,3.2,2.9,3.0,4.0,3.7,4.7,2.6,3.2,3.7,4.0
43-9071.00,"Office Machine Operators, Except Computer",4.7,4.5,3.8,4.3,5.0,4.8,3.9,3.6,4.1,4.6,3.7,2.2,3.0,3.4,3.8,4.2,3.5,2.8,3.0,3.6
43-9071.00,"Office Machine Operators, Except Computer",4.1,4.5,4.4,4.5,4.2,4.8,3.5,4.4,4.2,3.6,3.1,2.5,3.2,3.6,3.7,4.6,4.0,3.4,3.4,3.7
43-9071.00,"Office Machine Operators, Except Computer",4.8,4.8,3.1,3.5,4.3,4.4,3.3,4.0,4.0,4.2,3.5,2.1,3.3,4.4,3.6,4.9,2.7,3.3,3.1,3.4
43-9071.00,"Office Machine Operators, Except Computer",4.3,4.4,3.5,4.0,4.4,4.9,4.0,3.7,3.5,4.8,3.1,2.8,3.0,3.5,3.3,4.5,2.8,2.8,3.1,3.3
43-9071.00,"Office Machine Operators, Except Computer",4.3,4.9,3.9,4.2,4.0,4.1,4.2,4.1,3.3,4.1,3.3,3.3,2.1,3.9,3.7,5.0,3.7,2.8,3.7,3.8
43-9071.00,"Office Machine Operators, Except Computer",4.7,4.7,4.4,3.1,4.1,4.8,3.4,3.6,3.6,4.7,2.7,3.0,2.0,3.2,3.4,4.1,3.8,3.4,3.8,3.2
49-2011.00,"Computer, Automated Teller, and Office Machine Repairers",4.5,3.8,3.4,3.8,4.7,4.1,3.4,4.4,3.6,4.9,4.0,2.8,2.4,4.2,3.2,4.3,3.7,2.9,3.2,3.7
49-2011.00,"Computer, Automated Teller, and Office Machine Repairers",4.7,3.7,3.4,3.3,4.4,4.8,4.1,4.2,3.0,3.7,2.8,2.4,2.2,3.6,3.1,4.8,3.7,3.1,3.1,3.9
49-2011.00,"Computer, Automated Teller, and Office Machine Repairers",5.0,3.8,4.1,4.3,4.5,4.3,3.7,4.0,3.6,4.9,3.6,2.4,2.9,4.0,3.1,4.4,3.9,3.1,3.2,3.1
49-2011.00,"Computer, Automated Teller, and Office Machine Repairers",4.5,4.3,3.5,3.9,4.1,4.1,3.8,3.6,4.3,3.7,3.5,2.6,2.6,4.1,3.5,4.7,3.3,3.1,3.8,3.6
49-2011.00,"Computer, Automated Teller, and Office Machine Repairers",4.6,4.7,4.4,3.6,4.6,4.1,3.5,3.9,4.3,4.3,3.6,2.0,2.7,4.4,3.2,4.0,3.2,3.2,3.5,3.5
49-2011.00,"Computer, Automated Teller, and Office Machine Repairers",4.7,3.9,4.1,3.2,4.4,4.7,4.2,4.3,4.1,4.0,2.7,2.3,3.3,4.3,4.0,4.1,3.3,3.1,3.7,3.6
49-2011.00,"Computer, Automated Teller, and Office Machine Repairers",4.8,4.0,3.3,3.3,4.0,4.4,3.1,3.8,3.9,4.8,3.8,2.4,2.2,3.3,4.0,4.5,2.8,3.3,3.4,3.9
49-2011.00,"Computer, Automated Teller, and Office Machine Repairers",4.3,4.1,3.8,4.3,4.9,4.6,3.3,3.9,4.5,4.4,3.7,2.7,2.8,3.6,3.7,4.9,3.3,3.0,3.3,3.2
49-2011.00,"Computer, Automated Teller, and Office Machine Repairers",4.9,4.0,4.2,4.1,4.8,4.9,3.9,4.4,3.3,4.4,3.7,2.4,3.1,4.2,3.8,4.3,3.5,2.8,3.7,3.5
49-2011.00,"Computer, Automated Teller, and Office Machine Repairers",4.6,4.1,3.2,3.3,4.1,4.6,4.3,3.5,3.1,4.2,3.6,2.2,2.4,3.3,3.4,4.2,3.0,3.2,3.6,3.1
49-2011.00,"Computer, Automated Teller, and Office Machine Repairers",4.6,4.2,4.4,3.4,4.7,4.7,3.3,4.4,3.7,4.5,2.7,2.4,2.9,3.5,3.5,4.4,3.5,3.0,3.0,3.6
49-2011.00,"Computer, Automated Teller, and Office Machine Repairers",4.4,4.0,3.1,3.3,4.2,4.9,3.6,3.5,3.2,3.6,3.4,2.3,2.7,3.6,3.8,4.3,3.2,3.2,3.4,3.8
49-2011.00,"Computer, Automated Teller, and Office Machine Repairers",4.7,4.1,3.8,4.5,4.7,4.9,3.3,4.0,4.4,4.0,4.0,2.1,3.4,3.7,3.1,4.9,2.9,2.5,3.1,3.7
49-2011.00,"Computer, Automated Teller, and Office Machine Repairers",5.0,3.7,3.7,3.3,4.7,4.1,3.4,3.7,3.8,4.8,3.3,2.1,2.8,4.2,3.1,4.1,2.8,3.2,3.6,3.5
49-2011.00,"Computer, Automated Teller, and Office Machine Repairers",4.2,4.0,4.4,3.4,4.9,4.6,3.2,4.0,4.4,4.1,3.8,2.4,2.9,4.3,3.9,4.5,3.5,2.5,3.3,3.3
49-2011.00,"Computer, Automated Teller, and Office Machine Repairers",4.1,3.9,3.5,4.5,4.7,4.4,4.5,3.7,3.7,4.5,2.6,3.1,2.1,3.2,3.2,4.9,3.5,3.2,3.6,3.3
49-2011.00,"Computer, Automated Teller, and Office Machine Repairers",4.6,4.1,3.2,4.0,4.1,4.2,4.2,4.2,3.9,4.1,3.1,3.0,3.1,3.8,4.0,5.0,3.1,3.3,3.5,3.5
49-2011.00,"Computer, Automated Teller, and Office Machine Repairers",4.1,4.4,4.4,4.2,4.8,4.2,3.5,3.7,3.5,4.4,3.0,2.8,2.7,3.4,3.1,4.9,2.5,2.5,3.8,4.0
49-2011.00,"Computer, Automated Teller, and Office Machine Repairers",4.7,3.5,3.3,4.5,4.8,4.6,3.4,3.5,3.0,4.4,2.5,3.5,2.3,4.1,3.2,4.5,2.6,3.3,3.6,3.1
49-2011.00,"Computer, Automated Teller, and Office Machine Repairers",4.8,4.3,4.4,4.4,4.9,4.1,3.2,4.5,3.7,3.9,3.7,2.4,3.1,4.3,3.8,4.3,3.1,2.9,3.5,3.2
49-2011.00,"Computer, Automated Teller, and Office Machine Repairers",4.5,4.3,3.8,4.2,4.5,4.2,4.0,4.3,3.5,4.5,2.7,2.5,3.4,4.4,3.6,4.7,3.8,3.5,3.5,3.6
49-2011.00,"Computer, Automated Teller, and Office Machine Repairers",4.4,3.6,3.6,4.2,4.8,4.9,3.1,4.0,3.2,3.8,3.9,2.7,3.1,3.1,3.4,4.7,2.7,2.8,3.1,3.7
49-2011.00,"Computer, Automated Teller, and Office Machine Repairers",5.0,4.7,4.5,4.3,4.9,4.6,3.8,3.9,4.2,3.8,2.6,3.4,2.0,4.5,3.7,4.3,3.5,3.3,3.2,3.8
49-2011.00,"Computer, Automated Teller, and Office Machine Repairers",4.8,3.9,3.1,3.3,4.2,4.1,4.1,3.9,4.3,3.9,3.2,3.0,3.3,3.8,3.4,4.9,3.0,2.6,3.4,3.8
49-2011.00,"Computer, Automated Teller, and Office Machine Repairers",4.0,4.4,3.9,4.4,4.3,4.3,3.7,3.9,4.1,4.5,3.6,3.2,3.4,3.6,4.0,4.2,3.6,3.0,3.8,3.5
49-2011.00,"Computer, Automated Teller, and Office Machine Repairers",4.8,4.9,4.1,4.2,4.1,4.2,4.5,4.2,3.8,4.1,2.6,2.6,2.7,3.3,3.2,4.5,3.4,2.7,3.6,3.9
49-2011.00,"Computer, Automated Teller, and Office Machine Repairers",4.5,4.8,4.4,3.1,4.1,4.5,3.9,3.9,3.5,4.5,2.5,3.5,2.3,4.4,3.1,4.2,2.9,3.5,3.0,3.6
49-2011.00,"Computer, Automated Teller, and Office Machine Repairers",4.9,4.5,3.5,4.4,4.9,4.4,3.9,4.5,4.5,4.2,3.8,2.5,2.6,3.2,3.2,4.7,3.3,2.7,3.4,3.4
49-2011.00,"Computer, Automated Teller, and Office Machine Repairers",5.0,4.8,3.6,4.4,4.3,4.7,4.4,3.9,4.0,3.9,2.9,2.9,3.5,3.7,3.9,4.9,2.9,2.9,3.6,3.5
49-2011.00,"Computer, Automated Teller, and Office Machine Repairers",4.1,5.0,4.1,3.7,4.6,4.1,3.7,4.4,4.3,4.0,3.3,3.0,2.5,3.1,3.5,4.6,2.5,2.6,3.2,3.3
49-2011.00,"Computer, Automated Teller, and Office Machine Repairers",4.5,3.9,3.4,4.3,4.1,4.5,4.4,4.1,4.1,4.1,2.5,3.0,2.9,3.2,3.5,4.9,2.8,3.0,3.5,3.8
49-2011.00,"Computer, Automated Teller, and Office Machine Repairers",4.8,4.6,3.5,3.1,4.3,4.7,4.1,4.5,3.7,4.4,3.3,2.2,2.7,3.8,4.0,4.4,4.0,3.0,3.2,3.2
49-2011.00,"Computer, Automated Teller, and Office Machine Repairers",4.1,4.2,3.0,3.7,5.0,4.7,4.1,3.6,3.7,3.9,3.8,2.3,2.7,3.9,3.5,4.8,2.8,2.9,3.8,3.5
49-2011.00,"Computer, Automated Teller, and Office Machine Repairers",4.4,3.5,4.1,4.5,4.6,4.9,3.8,3.7,3.0,4.5,3.2,3.2,3.0,4.5,3.5,4.4,2.9,3.0,3.9,3.0
49-2011.00,"Computer, Automated Teller, and Office Machine Repairers",5.0,5.0,3.9,3.5,4.2,4.3,3.1,4.0,3.1,4.6,3.1,2.3,2.8,4.5,3.7,4.5,3.7,3.2,3.9,3.2
49-2011.00,"Computer, Automated Teller, and Office Machine Repairers",4.9,4.0,4.4,3.4,4.9,5.0,3.2,4.5,3.1,3.8,3.2,3.5,2.7,3.8,3.7,5.0,3.7,2.7,3.3,3.1
49-2011.00,"Computer, Automated Teller, and Office Machine Repairers",4.6,3.8,3.4,4.3,4.3,4.6,3.6,3.6,3.5,4.1,3.8,2.5,2.6,4.2,3.8,4.8,3.9,3.3,3.4,3.8
49-2011.00,"Computer, Automated Teller, and Office Machine Repairers",4.5,3.9,3.5,3.3,4.1,4.2,3.1,4.4,4.4,4.4,3.8,2.3,3.4,3.8,3.1,4.1,3.0,2.5,3.3,3.1
49-2011.00,"Computer, Automated Teller, and Office Machine Repairers",4.2,3.9,4.5,3.4,4.2,4.7,4.3,3.9,4.3,4.0,2.8,2.5,2.9,3.6,3.7,4.2,3.6,2.8,3.5,3.6
49-2011.00,"Computer, Automated Teller, and Office Machine Repairers",4.7,3.9,4.3,4.1,4.2,5.0,4.0,4.0,3.2,4.3,2.7,2.6,2.6,4.1,3.2,4.8,3.0,2.9,3.8,3.6
49-2011.00,"Computer, Automated Teller, and Office Machine Repairers",4.3,4.1,3.5,3.9,4.3,4.7,3.9,3.6,3.5,3.8,3.1,2.8,2.8,4.1,3.2,4.9,3.0,2.8,3.7,3.8
49-2011.00,"Computer, Automated Teller, and Office Machine Repairers",4.4,4.6,4.3,4.2,4.0,4.8,4.2,4.2,4.1,5.0,3.1,2.1,2.7,3.1,3.3,4.6,3.0,3.2,3.8,3.4
49-2011.00,"Computer, Automated Teller, and Office Machine Repairers",4.9,3.6,4.3,4.2,4.3,4.3,3.5,4.3,4.2,4.0,3.4,2.2,2.7,4.5,3.2,4.9,3.7,3.5,3.2,3.2
49-2011.00,"Computer, Automated Teller, and Office Machine Repairers",4.0,4.6,4.0,3.3,4.8,4.3,3.2,3.9,3.1,3.9,3.1,3.3,3.2,3.7,3.7,4.6,3.0,3.2,3.7,3.6
49-2011.00,"Computer, Automated Teller, and Office Machine Repairers",4.6,4.5,3.6,4.3,4.2,4.9,3.5,3.6,3.9,4.1,3.7,2.6,3.0,3.5,3.2,4.4,3.4,3.2,3.6,4.0
49-2011.00,"Computer, Automated Teller, and Office Machine Repairers",4.7,4.9,3.2,3.1,4.3,4.1,3.8,4.0,3.9,4.6,4.0,3.3,2.2,3.5,3.3,4.2,3.3,3.1,3.2,3.7
49-2011.00,"Computer, Automated Teller, and Office Machine Repairers",4.7,3.5,3.6,4.3,4.5,4.3,3.4,3.7,3.1,4.7,2.6,2.4,2.1,4.2,3.0,4.3,3.4,2.9,3.3,3.3
49-2011.00,"Computer, Automated Teller, and Office Machine Repairers",4.8,5.0,3.5,3.1,4.0,4.8,3.8,4.3,4.0,4.9,3.8,3.2,2.7,3.5,3.5,4.5,3.4,2.7,3.7,3.5
49-2011.00,"Computer, Automated Teller, and Office Machine Repairers",4.6,3.9,3.7,3.3,4.9,4.5,3.3,3.5,4.0,3.8,4.0,2.8,2.4,4.0,3.3,4.8,3.0,3.5,3.6,3.8
49-2011.00,"Computer, Automated Teller, and Office Machine Repairers",4.1,4.0,4.1,4.0,4.2,4.4,3.4,4.1,3.5,4.0,2.8,2.6,2.3,4.4,3.2,4.9,3.1,2.9,3.2,3.6
51-9161.00,Computer Numerically Controlled Tool Operators,4.7,4.2,3.1,4.4,5.0,4.4,3.9,4.0,3.5,3.6,3.2,3.2,2.0,3.9,3.9,4.2,2.8,3.3,3.3,3.2
51-9161.00,Computer Numerically Controlled Tool Operators,4.4,4.1,4.3,3.9,4.4,4.5,4.4,3.6,3.3,4.9,3.9,2.3,2.2,3.6,3.0,4.7,2.6,2.6,3.5,4.0
51-9161.00,Computer Numerically Controlled Tool Operators,4.4,4.0,4.5,3.8,4.4,4.4,3.3,4.0,3.7,3.9,2.7,2.5,2.8,3.1,3.2,4.9,3.3,2.6,3.7,3.1
51-9161.00,Computer Numerically Controlled Tool Operators,4.7,4.6,4.0,4.1,4.1,4.7,3.2,3.8,4.4,4.3,4.0,2.1,2.7,3.1,3.6,4.1,2.8,2.8,3.7,3.2
51-9161.00,Computer Numerically Controlled Tool Operators,4.8,3.7,3.1,3.6,5.0,4.1,3.2,4.3,3.5,4.6,2.8,2.7,2.4,3.7,3.8,4.8,3.3,3.4,3.3,3.2
51-9161.00,Computer Numerically Controlled Tool Operators,4.6,4.4,3.1,3.9,4.4,4.7,4.2,4.1,3.0,4.5,3.6,2.4,2.7,4.4,3.3,4.2,2.8,3.1,3.9,3.6
51-9161.00,Computer Numerically Controlled Tool Operators,4.3,4.5,3.9,3.9,4.2,4.6,3.6,3.5,3.8,5.0,3.0,3.4,2.1,4.1,3.1,4.3,3.4,3.1,3.8,3.6
51-9161.00,Computer Numerically Controlled Tool Operators,4.6,4.9,3.7,3.3,4.2,4.4,4.1,3.5,3.2,3.7,3.4,2.4,2.2,3.9,3.8,4.3,3.4,2.6,3.9,3.3
51-9161.00,Computer Numerically Controlled Tool Operators,5.0,5.0,4.2,3.0,4.5,4.1,4.3,4.3,4.5,4.4,3.3,2.8,2.6,3.7,3.6,4.9,3.4,3.4,3.9,3.5
51-9161.00,Computer Numerically Controlled Tool Operators,4.3,4.5,3.7,3.1,4.4,5.0,3.1,4.2,4.3,4.5,3.4,3.1,2.6,3.1,4.0,4.4,3.5,3.0,3.1,4.0
51-9161.00,Computer Numerically Controlled Tool Operators,4.8,3.7,4.5,4.1,4.5,4.6,3.2,4.1,3.1,4.3,3.3,3.3,3.1,3.4,3.9,4.6,3.4,2.7,3.9,3.9
51-9161.00,Computer Numerically Controlled Tool Operators,4.8,4.9,3.5,4.3,4.5,4.2,4.0,4.2,3.4,3.5,2.8,2.6,2.3,3.3,3.4,5.0,3.6,2.8,4.0,3.6
51-9161.00,Computer Numerically Controlled Tool Operators,4.5,4.2,3.6,3.3,4.4,4.5,3.8,4.3,3.5,4.6,3.4,3.4,2.6,4.4,3.8,4.6,3.5,2.6,4.0,3.1
51-9161.00,Computer Numerically Controlled Tool Operators,4.6,4.0,3.6,3.9,4.9,4.5,4.5,4.1,3.2,3.8,3.6,2.1,2.7,3.2,3.4,4.7,3.2,2.7,3.3,3.4
51-9161.00,Computer Numerically Controlled Tool Operators,4.1,4.4,3.9,3.1,4.4,4.4,3.5,4.1,3.5,4.1,3.7,2.2,2.9,3.8,3.3,4.7,3.3,3.0,3.7,3.8
51-9161.00,Computer Numerically Controlled Tool Operators,5.0,4.4,4.3,3.0,4.5,4.2,3.1,4.0,4.1,4.1,3.5,2.7,2.7,3.4,3.4,4.3,3.5,2.6,3.1,3.7
51-9161.00,Computer Numerically Controlled Tool Operators,4.5,4.1,3.2,3.6,4.8,4.9,4.1,3.6,4.0,3.9,3.0,2.3,3.2,4.0,3.6,4.7,2.9,2.9,3.6,3.6
51-9161.00,Computer Numerically Controlled Tool Operators,4.8,3.9,4.2,3.7,4.7,4.5,4.4,3.7,4.0,4.4,2.8,2.1,3.2,3.2,3.2,5.0,3.6,2.8,3.6,3.5
51-9161.00,Computer Numerically Controlled Tool Operators,4.8,4.6,4.2,3.3,4.6,4.0,3.1,4.2,3.0,4.4,3.8,2.6,2.1,4.1,3.9,4.7,3.4,2.7,3.0,3.7
51-9161.00,Computer Numerically Controlled Tool Operators,4.2,4.8,3.7,3.8,4.8,4.8,4.0,4.4,4.5,4.9,3.7,3.1,3.0,3.2,3.3,4.0,2.7,2.9,3.1,3.9
51-9161.00,Computer Numerically Controlled Tool Operators,4.8,3.6,3.4,4.2,4.8,4.9,4.5,4.5,3.6,3.9,3.6,2.4,3.2,3.8,3.8,4.3,3.3,3.1,3.9,3.3
51-9161.00,Computer Numerically Controlled Tool Operators,4.9,4.7,4.1,4.2,4.6,4.2,3.3,4.4,4.1,3.8,3.4,2.7,2.2,3.8,3.3,4.1,3.2,3.1,3.0,3.4
51-9161.00,Computer Numerically Controlled Tool Operators,4.3,3.5,3.2,3.2,4.2,4.8,3.7,3.6,3.2,3.9,3.7,2.5,2.2,3.6,3.6,4.0,3.4,2.9,3.0,3.7
51-9161.00,Computer Numerically Controlled Tool Operators,4.7,4.4,3.5,3.8,4.4,4.7,3.9,3.6,4.0,4.5,3.1,3.3,3.3,3.3,3.9,4.4,3.6,3.3,3.5,3.4
51-9161.00,Computer Numerically Controlled Tool Operators,4.9,3.8,3.4,3.5,4.9,4.9,3.3,4.4,3.4,5.0,3.4,2.0,2.1,3.2,3.2,4.8,2.8,3.5,3.6,3.7
51-9161.00,Computer Numerically Controlled Tool Operators,4.2,4.8,4.0,4.3,5.0,4.1,3.1,4.3,4.3,4.4,3.0,3.0,2.5,3.4,3.5,4.2,3.2,3.5,3.8,3.9
51-9161.00,Computer Numerically Controlled Tool Operators,4.8,4.0,4.2,4.4,4.9,4.7,3.3,3.5,3.2,4.9,3.2,3.3,2.7,4.0,3.0,4.2,3.2,3.1,3.2,3.8
51-9161.00,Computer Numerically Controlled Tool Operators,4.4,4.7,3.1,4.0,4.3,4.8,3.6,4.2,4.4,3.5,2.5,3.2,3.0,3.4,3.5,4.0,2.8,2.9,3.8,3.5
51-9161.00,Computer Numerically Controlled Tool Operators,4.6,4.8,3.5,4.1,4.9,4.2,3.5,4.5,4.5,3.8,2.6,2.4,2.6,3.7,3.6,4.9,3.0,3.3,3.1,3.0
51-9161.00,Computer Numerically Controlled Tool Operators,4.5,3.6,3.6,4.3,4.2,4.7,3.5,3.5,3.8,4.8,3.1,2.9,3.4,4.2,3.2,4.7,3.3,3.2,3.5,3.1
51-9161.00,Computer Numerically Controlled Tool Operators,4.6,4.2,3.8,4.3,4.9,4.5,3.7,4.0,3.8,4.9,3.5,2.4,2.8,3.9,3.6,4.6,2.8,2.5,3.3,3.4
51-9161.00,Computer Numerically Controlled Tool Operators,4.1,4.7,3.5,4.4,4.2,4.1,3.7,3.7,4.4,3.5,3.1,3.4,2.6,3.1,3.3,4.5,2.8,3.0,3.8,3.9
51-9161.00,Computer Numerically Controlled Tool Operators,4.0,3.7,3.4,3.9,4.4,4.8,4.1,3.6,3.9,3.7,2.9,2.3,2.3,3.9,3.6,4.2,4.0,2.9,3.1,3.1
51-9161.00,Computer Numerically Controlled Tool Operators,4.6,5.0,3.9,4.4,4.4,4.4,3.8,4.2,3.6,4.8,2.5,2.7,2.8,3.9,3.3,4.4,3.2,3.2,3.8,3.7
51-9161.00,Computer Numerically Controlled Tool Operators,4.3,5.0,4.3,3.4,4.2,4.3,3.7,4.4,4.2,4.8,2.9,2.9,2.4,3.2,3.7,4.1,3.5,3.1,3.8,3.1
51-9161.00,Computer Numerically Controlled Tool Operators,4.8,5.0,4.3,4.1,4.7,4.4,4.1,4.2,3.9,4.7,3.2,2.2,2.8,3.4,3.4,4.0,3.1,3.3,3.5,3.0
51-9161.00,Computer Numerically Controlled Tool Operators,4.5,3.9,3.7,3.6,4.9,4.0,4.0,4.4,4.4,3.8,3.3,2.1,2.7,3.2,3.8,4.1,3.3,3.0,4.0,3.7
51-9161.00,Computer Numerically Controlled Tool Operators,4.3,3.9,3.2,4.1,4.7,4.6,3.1,4.3,4.0,4.9,3.4,2.5,2.6,3.3,3.7,4.7,2.8,2.7,3.1,3.9
51-9161.00,Computer Numerically Controlled Tool Operators,4.2,4.0,3.4,3.6,4.7,4.9,3.3,4.2,3.5,5.0,2.9,2.0,2.8,3.2,3.0,4.7,3.6,3.0,3.7,3.5
51-9161.00,Computer Numerically Controlled Tool Operators,4.6,4.4,4.0,3.3,4.3,4.4,3.7,4.3,3.6,3.7,2.9,2.3,3.1,3.7,3.7,4.4,3.8,3.5,3.7,3.9
51-9161.00,Computer Numerically Controlled Tool Operators,4.5,4.9,4.2,4.5,4.6,4.8,3.8,3.8,3.5,4.8,2.6,2.9,2.6,3.6,3.9,4.9,3.4,2.8,3.5,3.4
51-9161.00,Computer Numerically Controlled Tool Operators,4.4,3.7,3.8,3.5,4.7,4.3,3.6,3.6,4.5,4.3,2.5,2.8,3.3,4.2,3.7,4.1,3.5,3.3,3.6,3.9
51-9161.00,Computer Numerically Controlled Tool Operators,4.3,3.9,4.3,3.9,4.0,4.4,4.3,3.5,3.0,3.9,3.9,3.4,2.8,3.8,3.3,4.2,3.7,2.6,3.5,3.6
51-9161.00,Computer Numerically Controlled Tool Operators,4.1,4.3,3.9,4.1,4.2,4.3,3.9,4.5,3.3,5.0,3.6,3.2,2.1,3.5,3.1,4.4,4.0,2.6,3.6,3.0
51-9161.00,Computer Numerically Controlled Tool Operators,4.7,3.8,3.2,3.5,4.8,4.1,3.3,3.5,4.5,4.4,3.6,3.0,2.2,3.9,3.1,4.4,3.4,3.1,3.1,3.0
51-9161.00,Computer Numerically Controlled Tool Operators,4.8,4.6,3.1,3.2,4.9,4.8,4.5,3.8,3.7,3.9,3.4,2.2,2.2,3.1,3.7,4.5,3.4,3.4,3.7,3.5
51-9161.00,Computer Numerically Controlled Tool Operators,5.0,4.2,3.2,4.5,4.0,4.5,3.5,4.0,3.8,3.9,3.3,3.1,2.4,3.6,3.3,4.8,3.6,3.4,3.2,3.1
51-9161.00,Computer Numerically Controlled Tool Operators,4.1,3.7,3.8,4.5,4.4,5.0,3.1,4.4,3.3,4.9,2.6,3.4,2.3,3.5,3.5,4.4,3.5,3.5,3.6,3.7
51-9161.00,Computer Numerically Controlled Tool Operators,4.1,4.4,3.7,4.3,4.4,4.7,3.3,3.8,3.6,4.0,2.9,2.1,3.3,3.1,3.9,4.1,2.6,3.1,3.5,3.5
51-9161.00,Computer Numerically Controlled Tool Operators,4.6,3.9,4.0,3.8,4.3,4.8,4.1,3.9,4.3,4.9,3.3,2.3,3.4,3.3,3.0,4.3,3.6,3.4,3.6,4.0
51-9162.00,Computer Numerically Controlled Tool Programmers,4.1,3.6,3.9,4.4,4.5,4.1,3.3,3.7,3.5,3.6,3.9,2.8,3.0,3.1,3.1,4.6,3.8,3.0,3.9,3.8
51-9162.00,Computer Numerically Controlled Tool Programmers,4.1,3.8,4.0,3.7,4.3,4.4,3.7,4.4,3.2,3.9,3.3,3.0,2.9,4.4,3.8,4.6,2.8,3.0,3.7,3.8
51-9162.00,Computer Numerically Controlled Tool Programmers,5.0,4.4,3.8,3.0,4.1,4.2,3.1,3.9,3.5,4.5,3.3,2.9,2.7,3.4,4.0,4.1,3.9,2.8,3.5,3.1
51-9162.00,Computer Numerically Controlled Tool Programmers,4.1,4.1,4.1,3.4,4.6,4.3,3.6,4.4,4.3,4.3,2.9,2.3,3.4,3.3,3.8,4.4,4.0,2.9,3.4,3.6
51-9162.00,Computer Numerically Controlled Tool Programmers,5.0,5.0,4.1,4.1,4.6,4.8,4.3,4.0,3.9,4.3,3.3,3.3,2.5,3.3,3.5,4.2,3.2,3.4,3.6,3.9
51-9162.00,Computer Numerically Controlled Tool Programmers,4.2,4.9,3.9,3.0,4.6,5.0,3.1,4.1,4.4,3.5,3.4,2.7,2.5,3.9,3.1,4.8,2.5,2.8,3.5,3.4
51-9162.00,Computer Numerically Controlled Tool Programmers,4.3,4.7,4.4,4.3,4.5,4.9,4.4,3.9,3.4,3.6,3.2,3.4,2.8,4.0,3.1,4.1,3.2,3.5,3.4,3.9
51-9162.00,Computer Numerically Controlled Tool Programmers,4.1,4.4,3.9,4.3,4.0,4.2,3.3,4.4,3.2,3.6,3.3,2.8,3.3,4.4,3.5,4.9,3.6,2.8,3.9,3.7
51-9162.00,Computer Numerically Controlled Tool Programmers,4.4,4.5,3.6,3.2,4.7,4.8,4.1,3.7,4.4,3.5,3.0,2.4,2.1,3.6,3.6,4.9,4.0,3.3,3.5,3.7
51-9162.00,Computer Numerically Controlled Tool Programmers,4.8,4.2,4.2,3.7,4.4,4.5,4.0,4.2,3.5,4.4,3.9,3.5,2.3,3.3,3.7,4.4,2.5,2.8,3.8,3.8
51-9162.00,Computer Numerically Controlled Tool Programmers,4.5,4.2,3.9,3.3,4.5,4.0,3.7,3.8,4.0,4.5,3.1,2.0,2.4,4.0,3.1,4.1,3.5,3.3,3.3,3.5
51-9162.00,Computer Numerically Controlled Tool Programmers,4.9,4.9,3.5,4.2,4.6,5.0,3.7,4.3,4.2,4.2,3.7,2.4,2.2,3.6,3.9,4.5,3.5,3.1,3.1,3.4
51-9162.00,Computer Numerically Controlled Tool Programmers,4.7,5.0,3.3,3.6,4.1,4.2,3.6,4.0,3.3,3.8,3.7,3.4,2.5,4.0,3.3,4.9,3.5,3.3,3.0,3.6
51-9162.00,Computer Numerically Controlled Tool Programmers,4.5,3.9,3.4,3.9,4.7,4.0,3.9,3.7,3.2,4.4,3.0,2.7,2.5,4.0,3.5,5.0,3.0,3.2,3.3,3.5
51-9162.00,Computer Numerically Controlled Tool Programmers,4.6,4.0,3.7,3.4,4.0,4.2,4.1,4.3,3.4,4.1,2.6,2.4,3.2,3.9,3.2,4.3,3.7,2.7,3.3,3.7
51-9162.00,Computer Numerically Controlled Tool Programmers,4.6,4.2,4.3,3.3,4.7,4.2,3.9,4.4,3.7,4.6,3.7,2.2,3.1,4.4,3.6,4.2,2.7,2.8,3.1,3.5
51-9162.00,Computer Numerically Controlled Tool Programmers,4.1,3.8,3.7,3.7,4.6,4.7,3.1,3.6,3.1,4.1,2.6,3.1,2.3,4.4,3.5,4.4,3.7,3.2,3.6,3.9
51-9162.00,Computer Numerically Controlled Tool Programmers,4.4,4.7,3.6,4.3,4.3,4.3,4.0,3.7,3.3,4.0,3.5,3.3,3.0,4.2,3.5,4.1,2.7,3.1,3.3,3.2
51-9162.00,Computer Numerically Controlled Tool Programmers,4.5,4.5,3.6,4.2,4.7,4.7,4.5,3.8,4.0,4.8,3.4,3.2,2.6,3.9,3.1,5.0,3.7,3.4,3.7,3.2
51-9162.00,Computer Numerically Controlled Tool Programmers,4.0,4.8,3.6,3.4,4.6,4.4,4.0,4.0,4.0,4.8,2.8,2.5,2.7,4.4,3.4,4.4,3.5,2.9,4.0,3.9
51-9162.00,Computer Numerically Controlled Tool Programmers,4.5,4.5,3.1,4.0,4.7,4.4,3.3,4.4,3.6,4.5,2.5,2.6,3.2,3.6,3.6,4.2,3.1,3.4,3.6,3.9
51-9162.00,Computer Numerically Controlled Tool Programmers,4.9,4.9,4.3,3.0,4.9,4.1,3.1,3.6,3.5,4.4,3.1,2.0,2.7,3.7,3.8,4.3,2.8,2.8,3.3,3.6
51-9162.00,Computer Numerically Controlled Tool Programmers,4.5,4.0,3.6,3.6,5.0,4.2,4.2,4.2,3.0,5.0,3.6,3.0,2.6,3.8,3.3,4.0,3.8,3.4,3.2,3.8
51-9162.00,Computer Numerically Controlled Tool Programmers,4.7,3.8,3.6,3.6,4.8,4.8,3.1,4.1,4.1,4.7,2.7,2.8,3.3,3.5,3.4,4.8,2.6,3.4,3.3,3.0
51-9162.00,Computer Numerically Controlled Tool Programmers,4.2,3.6,3.1,4.0,4.2,4.9,3.8,4.0,3.7,4.5,3.2,2.2,3.3,3.6,3.1,4.5,3.5,2.8,3.8,3.7
51-9162.00,Computer Numerically Controlled Tool Programmers,4.7,4.1,4.4,3.4,4.6,4.3,4.1,3.5,3.1,4.7,3.2,2.5,2.9,4.1,3.2,4.2,3.9,3.1,3.4,3.8
51-9162.00,Computer Numerically Controlled Tool Programmers,4.5,3.9,3.3,3.6,4.9,4.1,3.3,4.4,3.2,4.4,2.8,2.9,2.6,3.2,3.6,4.7,3.5,3.1,3.5,3.5
51-9162.00,Computer Numerically Controlled Tool Programmers,4.6,4.5,4.0,3.9,4.2,4.2,3.4,4.4,4.1,4.3,2.9,2.2,3.3,4.3,3.1,4.8,3.2,2.8,3.7,3.6
51-9162.00,Computer Numerically Controlled Tool Programmers,4.8,3.6,3.5,3.5,4.3,4.5,3.4,3.9,3.6,4.6,3.4,3.0,2.3,3.5,3.0,4.1,2.9,2.6,3.6,4.0
51-9162.00,Computer Numerically Controlled Tool Programmers,4.1,4.7,3.2,4.0,4.6,4.9,3.2,3.8,3.1,4.1,3.9,3.2,3.1,3.8,3.9,4.4,2.7,3.3,3.3,3.1
51-9162.00,Computer Numerically Controlled Tool Programmers,4.1,4.4,3.9,3.4,4.7,4.8,4.4,4.1,4.2,4.6,2.9,2.5,2.7,3.0,3.3,4.5,2.7,2.6,3.5,3.7
51-9162.00,Computer Numerically Controlled Tool Programmers,4.8,4.3,3.7,3.6,4.2,4.1,4.2,4.0,4.2,4.6,2.8,2.8,2.7,3.6,3.5,5.0,3.7,3.4,3.0,3.1
51-9162.00,Computer Numerically Controlled Tool Programmers,4.1,3.9,3.7,4.0,4.5,4.9,4.4,3.7,4.3,4.2,3.2,3.2,2.1,4.3,3.7,4.9,4.0,3.0,3.1,3.2
51-9162.00,Computer Numerically Controlled Tool Programmers,4.3,3.7,4.2,3.4,5.0,4.7,3.3,4.0,3.7,4.2,3.3,2.0,3.0,3.7,3.8,4.8,2.8,2.5,3.7,4.0
51-9162.00,Computer Numerically Controlled Tool Programmers,4.4,3.9,3.2,3.4,4.3,4.4,4.0,3.8,3.1,4.1,3.8,2.7,3.4,3.8,3.3,4.2,3.5,3.0,3.6,3.8
51-9162.00,Computer Numerically Controlled Tool Programmers,4.7,3.6,4.2,3.8,4.4,4.5,3.9,3.6,3.6,4.0,3.0,2.1,2.2,3.2,3.4,4.9,2.8,2.9,3.3,3.8
51-9162.00,Computer Numerically Controlled Tool Programmers,4.1,3.8,3.3,4.5,4.6,4.1,3.4,3.7,3.2,4.7,3.2,2.9,2.5,3.8,3.3,4.3,3.5,2.7,3.6,3.9
51-9162.00,Computer Numerically Controlled Tool Programmers,4.1,4.8,3.1,3.5,4.6,4.6,3.1,4.3,4.5,3.8,3.8,2.8,3.4,3.3,3.8,4.1,3.8,3.2,3.4,3.2
51-9162.00,Computer Numerically Controlled Tool Programmers,4.8,4.4,3.5,3.7,4.8,4.3,3.1,4.4,3.6,4.0,2.8,3.3,2.3,4.0,3.9,4.0,3.7,2.9,3.7,3.4
51-9162.00,Computer Numerically Controlled Tool Programmers,4.7,3.9,3.0,4.4,4.0,4.8,3.3,3.9,4.2,3.8,3.8,2.7,2.5,4.0,3.3,4.3,3.6,2.8,3.2,3.8
51-9162.00,Computer Numerically Controlled Tool Programmers,4.8,4.2,3.8,4.0,4.5,4.4,4.5,3.6,3.9,4.8,3.5,3.3,2.5,3.4,3.9,4.4,3.6,2.6,3.8,3.5
51-9162.00,Computer Numerically Controlled Tool Programmers,4.3,4.2,4.0,3.0,4.6,4.5,3.3,4.3,3.5,3.9,3.2,3.0,3.4,3.2,3.4,4.1,3.6,2.9,3.7,3.3
51-9162.00,Computer Numerically Controlled Tool Programmers,4.8,4.3,4.4,3.1,4.5,4.8,3.9,3.5,4.5,3.9,2.9,2.7,2.8,4.1,3.4,4.4,3.3,2.9,3.9,3.9
51-9162.00,Computer Numerically Controlled Tool Programmers,4.5,3.5,4.4,3.2,4.2,4.2,3.3,4.3,3.9,4.9,2.8,2.7,3.5,4.2,3.7,4.2,3.7,2.8,3.5,3.6
51-9162.00,Computer Numerically Controlled Tool Programmers,4.6,4.6,4.0,3.1,4.5,4.7,3.4,3.8,3.2,4.1,4.0,2.4,2.8,4.1,3.0,4.9,3.1,3.4,3.0,3.1
51-9162.00,Computer Numerically Controlled Tool Programmers,4.3,4.0,4.3,3.0,4.6,4.1,4.2,4.3,3.7,3.8,3.5,2.2,2.3,3.9,4.0,4.9,3.4,3.0,4.0,3.5
51-9162.00,Computer Numerically Controlled Tool Programmers,4.4,4.9,3.4,3.1,4.6,4.1,3.6,3.9,3.8,5.0,2.8,2.6,2.2,3.9,3.7,4.5,2.9,3.1,3.5,3.2
51-9162.00,Computer Numerically Controlled Tool Programmers,4.4,4.2,4.5,4.3,4.7,4.9,4.1,4.4,3.1,4.2,3.6,2.9,2.3,3.5,3.3,4.3,3.0,3.0,3.9,3.7
51-9162.00,Computer Numerically Controlled Tool Programmers,4.8,4.8,3.6,3.5,4.1,4.9,3.1,4.2,3.6,4.9,3.1,3.2,2.4,3.4,3.6,5.0,3.3,3.4,3.8,3.8
51-9162.00,Computer Numerically Controlled Tool Programmers,4.4,4.1,3.3,4.4,5.0,4.7,3.4,3.7,4.5,3.6,3.8,2.5,2.6,4.2,3.1,4.4,3.9,3.2,3.8,3.8
